일자,구분,원재료코드,원재료명,거래처,LOT번호,수량,단위,단가,금액,수량_kg,창고,발주번호,비고,납기예정일
2026-01-02,IN,MAT-001,카다이프,중동식품,L260102-01,29,팩,60000,1740000,145.0,원료창고A,PO-2601-002,,2026-01-02
2026-01-02,IN,MAT-002,피스타치오페이스트,그린넛코리아,L260102-02,95,통,38000,3610000,95.0,냉장창고,PO-2601-011,,2026-01-02
2026-01-02,IN,MAT-002,피스타치오페이스트,그린넛코리아,L260102-03,108,통,38000,4104000,108.0,냉장창고,PO-2601-012,,2026-01-02
2026-01-02,IN,MAT-003,헤이즐넛페이스트,유로넛츠,L260102-04,124,통,18000,2232000,124.0,냉장창고,PO-2601-021,,2026-01-02
2026-01-02,IN,MAT-006,다크초콜릿,카카오트레이드,L260102-05,4,백,55000,220000,10.0,원료창고B,PO-2601-043,,2026-01-02
2026-01-02,IN,MAT-008,코코아파우더,티파우더,L260102-06,8,봉,16000,128000,8.0,원료창고A,PO-2601-053,,2026-01-02
2026-01-02,IN,MAT-009,말차파우더,티파우더,L260102-07,18,파우치,22500,405000,9.0,원료창고A,PO-2601-058,,2026-01-02
2026-01-02,IN,MAT-010,무염버터,한성식품,L260102-08,5,박스,85500,427500,45.0,냉장창고,PO-2601-063,,2026-01-02
2026-01-02,IN,MAT-011,탈지분유,한성식품,L260102-09,17,봉,8000,136000,17.0,원료창고A,PO-2601-068,,2026-01-02
2026-01-02,IN,MAT-012,포장재,팩앤팩,L260102-10,9000,장,1500,13500000,9000.0,자재창고,PO-2601-073,,2026-01-02
2026-01-02,OUT,MAT-001,카다이프,,,18,팩,60000,1080000,85.2,원료창고A,,DUBAI+ITALY라인 투입,
2026-01-02,OUT,MAT-002,피스타치오페이스트,,,70,통,38000,2660000,69.1,냉장창고,,DUBAI라인 투입,
2026-01-02,OUT,MAT-003,헤이즐넛페이스트,,,43,통,18000,774000,42.7,냉장창고,,ITALY라인 투입,
2026-01-02,OUT,MAT-004,헤이즐넛분태,,,6,봉,15000,90000,5.9,원료창고A,,ITALY라인 투입,
2026-01-02,OUT,MAT-005,마시멜로,,,69,봉,5500,379500,68.1,원료창고A,,DUBAI+ITALY라인 투입,
2026-01-02,OUT,MAT-006,다크초콜릿,,,2,백,55000,110000,3.3,원료창고B,,ITALY라인 투입,
2026-01-02,OUT,MAT-007,화이트초콜릿,,,7,백,60000,420000,15.5,원료창고B,,DUBAI+ITALY라인 투입,
2026-01-02,OUT,MAT-008,코코아파우더,,,3,봉,16000,48000,2.8,원료창고A,,DUBAI라인 투입,
2026-01-02,OUT,MAT-009,말차파우더,,,6,파우치,22500,135000,2.8,원료창고A,,DUBAI라인 투입,
2026-01-02,OUT,MAT-010,무염버터,,,2,박스,85500,171000,15.6,냉장창고,,DUBAI+ITALY라인 투입,
2026-01-02,OUT,MAT-011,탈지분유,,,7,봉,8000,56000,6.2,원료창고A,,DUBAI+ITALY라인 투입,
2026-01-02,OUT,MAT-012,포장재,,,2960,장,1500,4440000,2960.0,자재창고,,전체라인 투입,
2026-01-03,IN,MAT-001,카다이프,중동식품,L260103-01,30,팩,60000,1800000,150.0,원료창고A,PO-2601-001,,2026-01-03
2026-01-03,IN,MAT-004,헤이즐넛분태,유로넛츠,L260103-02,18,봉,15000,270000,18.0,원료창고A,PO-2601-028,,2026-01-03
2026-01-03,IN,MAT-005,마시멜로,한성식품,L260103-03,100,봉,5500,550000,100.0,원료창고A,PO-2601-033,,2026-01-03
2026-01-03,IN,MAT-005,마시멜로,한성식품,L260103-04,118,봉,5500,649000,118.0,원료창고A,PO-2601-034,,2026-01-03
2026-01-03,IN,MAT-007,화이트초콜릿,카카오트레이드,L260103-05,20,백,60000,1200000,50.0,원료창고B,PO-2601-048,,2026-01-03
2026-01-03,OUT,MAT-001,카다이프,,,18,팩,60000,1080000,85.6,원료창고A,,DUBAI+ITALY라인 투입,
2026-01-03,OUT,MAT-002,피스타치오페이스트,,,68,통,38000,2584000,67.2,냉장창고,,DUBAI라인 투입,
2026-01-03,OUT,MAT-003,헤이즐넛페이스트,,,47,통,18000,846000,46.4,냉장창고,,ITALY라인 투입,
2026-01-03,OUT,MAT-004,헤이즐넛분태,,,7,봉,15000,105000,6.4,원료창고A,,ITALY라인 투입,
2026-01-03,OUT,MAT-005,마시멜로,,,68,봉,5500,374000,68.0,원료창고A,,DUBAI+ITALY라인 투입,
2026-01-03,OUT,MAT-006,다크초콜릿,,,2,백,55000,110000,3.3,원료창고B,,ITALY라인 투입,
2026-01-03,OUT,MAT-007,화이트초콜릿,,,7,백,60000,420000,15.8,원료창고B,,DUBAI+ITALY라인 투입,
2026-01-03,OUT,MAT-008,코코아파우더,,,3,봉,16000,48000,2.6,원료창고A,,DUBAI라인 투입,
2026-01-03,OUT,MAT-009,말차파우더,,,6,파우치,22500,135000,2.8,원료창고A,,DUBAI라인 투입,
2026-01-03,OUT,MAT-010,무염버터,,,2,박스,85500,171000,16.1,냉장창고,,DUBAI+ITALY라인 투입,
2026-01-03,OUT,MAT-011,탈지분유,,,7,봉,8000,56000,6.4,원료창고A,,DUBAI+ITALY라인 투입,
2026-01-03,OUT,MAT-012,포장재,,,2980,장,1500,4470000,2980.0,자재창고,,전체라인 투입,
2026-01-06,IN,MAT-001,카다이프,중동식품,L260106-01,43,팩,60000,2580000,215.0,원료창고A,PO-2601-003,,2026-01-06
2026-01-06,IN,MAT-001,카다이프,중동식품,L260106-02,49,팩,60000,2940000,245.0,원료창고A,PO-2601-004,,2026-01-06
2026-01-06,IN,MAT-003,헤이즐넛페이스트,유로넛츠,L260106-03,114,통,18000,2052000,114.0,냉장창고,PO-2601-022,,2026-01-06
2026-01-06,IN,MAT-007,화이트초콜릿,카카오트레이드,L260106-04,30,백,60000,1800000,75.0,원료창고B,PO-2601-049,,2026-01-06
2026-01-06,IN,MAT-009,말차파우더,티파우더,L260106-05,28,파우치,22500,630000,14.0,원료창고A,PO-2601-059,,2026-01-06
2026-01-06,IN,MAT-012,포장재,팩앤팩,L260106-06,14250,장,1500,21375000,14250.0,자재창고,PO-2601-074,,2026-01-06
2026-01-06,OUT,MAT-001,카다이프,,,18,팩,60000,1080000,88.4,원료창고A,,DUBAI+ITALY라인 투입,
2026-01-06,OUT,MAT-002,피스타치오페이스트,,,67,통,38000,2546000,66.4,냉장창고,,DUBAI라인 투입,
2026-01-06,OUT,MAT-003,헤이즐넛페이스트,,,44,통,18000,792000,43.6,냉장창고,,ITALY라인 투입,
2026-01-06,OUT,MAT-004,헤이즐넛분태,,,7,봉,15000,105000,6.2,원료창고A,,ITALY라인 투입,
2026-01-06,OUT,MAT-005,마시멜로,,,69,봉,5500,379500,68.1,원료창고A,,DUBAI+ITALY라인 투입,
2026-01-06,OUT,MAT-006,다크초콜릿,,,2,백,55000,110000,3.2,원료창고B,,ITALY라인 투입,
2026-01-06,OUT,MAT-007,화이트초콜릿,,,7,백,60000,420000,15.4,원료창고B,,DUBAI+ITALY라인 투입,
2026-01-06,OUT,MAT-008,코코아파우더,,,3,봉,16000,48000,2.7,원료창고A,,DUBAI라인 투입,
2026-01-06,OUT,MAT-009,말차파우더,,,6,파우치,22500,135000,2.8,원료창고A,,DUBAI라인 투입,
2026-01-06,OUT,MAT-010,무염버터,,,2,박스,85500,171000,15.7,냉장창고,,DUBAI+ITALY라인 투입,
2026-01-06,OUT,MAT-011,탈지분유,,,7,봉,8000,56000,6.2,원료창고A,,DUBAI+ITALY라인 투입,
2026-01-06,OUT,MAT-012,포장재,,,2960,장,1500,4440000,2960.0,자재창고,,전체라인 투입,
2026-01-07,IN,MAT-002,피스타치오페이스트,그린넛코리아,L260107-01,161,통,38000,6118000,161.0,냉장창고,PO-2601-014,,2026-01-07
2026-01-07,IN,MAT-005,마시멜로,한성식품,L260107-02,172,봉,5500,946000,172.0,원료창고A,PO-2601-035,,2026-01-07
2026-01-07,IN,MAT-006,다크초콜릿,카카오트레이드,L260107-03,8,백,55000,440000,20.0,원료창고B,PO-2601-044,,2026-01-07
2026-01-07,IN,MAT-008,코코아파우더,티파우더,L260107-04,13,봉,16000,208000,13.0,원료창고A,PO-2601-054,,2026-01-07
2026-01-07,OUT,MAT-001,카다이프,,,18,팩,60000,1080000,87.1,원료창고A,,DUBAI+ITALY라인 투입,
2026-01-07,OUT,MAT-002,피스타치오페이스트,,,69,통,38000,2622000,68.3,냉장창고,,DUBAI라인 투입,
2026-01-07,OUT,MAT-003,헤이즐넛페이스트,,,46,통,18000,828000,45.2,냉장창고,,ITALY라인 투입,
2026-01-07,OUT,MAT-004,헤이즐넛분태,,,7,봉,15000,105000,6.3,원료창고A,,ITALY라인 투입,
2026-01-07,OUT,MAT-005,마시멜로,,,68,봉,5500,374000,67.1,원료창고A,,DUBAI+ITALY라인 투입,
2026-01-07,OUT,MAT-006,다크초콜릿,,,2,백,55000,110000,3.5,원료창고B,,ITALY라인 투입,
2026-01-07,OUT,MAT-007,화이트초콜릿,,,7,백,60000,420000,15.2,원료창고B,,DUBAI+ITALY라인 투입,
2026-01-07,OUT,MAT-008,코코아파우더,,,3,봉,16000,48000,2.8,원료창고A,,DUBAI라인 투입,
2026-01-07,OUT,MAT-009,말차파우더,,,6,파우치,22500,135000,2.8,원료창고A,,DUBAI라인 투입,
2026-01-07,OUT,MAT-010,무염버터,,,2,박스,85500,171000,15.4,냉장창고,,DUBAI+ITALY라인 투입,
2026-01-07,OUT,MAT-011,탈지분유,,,7,봉,8000,56000,6.2,원료창고A,,DUBAI+ITALY라인 투입,
2026-01-07,OUT,MAT-012,포장재,,,2980,장,1500,4470000,2980.0,자재창고,,전체라인 투입,
2026-01-08,IN,MAT-002,피스타치오페이스트,그린넛코리아,L260108-01,167,통,38000,6346000,167.0,냉장창고,PO-2601-013,납기 2일 지연,2026-01-06
2026-01-08,IN,MAT-004,헤이즐넛분태,유로넛츠,L260108-02,29,봉,15000,435000,29.0,원료창고A,PO-2601-029,,2026-01-08
2026-01-08,IN,MAT-005,마시멜로,한성식품,L260108-03,157,봉,5500,863500,157.0,원료창고A,PO-2601-036,,2026-01-08
2026-01-08,OUT,MAT-001,카다이프,,,19,팩,60000,1140000,90.1,원료창고A,,DUBAI+ITALY라인 투입,
2026-01-08,OUT,MAT-002,피스타치오페이스트,,,66,통,38000,2508000,66.0,냉장창고,,DUBAI라인 투입,
2026-01-08,OUT,MAT-003,헤이즐넛페이스트,,,47,통,18000,846000,46.6,냉장창고,,ITALY라인 투입,
2026-01-08,OUT,MAT-004,헤이즐넛분태,,,7,봉,15000,105000,6.3,원료창고A,,ITALY라인 투입,
2026-01-08,OUT,MAT-005,마시멜로,,,70,봉,5500,385000,69.6,원료창고A,,DUBAI+ITALY라인 투입,
2026-01-08,OUT,MAT-006,다크초콜릿,,,2,백,55000,110000,3.4,원료창고B,,ITALY라인 투입,
2026-01-08,OUT,MAT-007,화이트초콜릿,,,7,백,60000,420000,15.3,원료창고B,,DUBAI+ITALY라인 투입,
2026-01-08,OUT,MAT-008,코코아파우더,,,3,봉,16000,48000,2.8,원료창고A,,DUBAI라인 투입,
2026-01-08,OUT,MAT-009,말차파우더,,,6,파우치,22500,135000,2.8,원료창고A,,DUBAI라인 투입,
2026-01-08,OUT,MAT-010,무염버터,,,2,박스,85500,171000,15.6,냉장창고,,DUBAI+ITALY라인 투입,
2026-01-08,OUT,MAT-011,탈지분유,,,7,봉,8000,56000,6.1,원료창고A,,DUBAI+ITALY라인 투입,
2026-01-08,OUT,MAT-012,포장재,,,2980,장,1500,4470000,2980.0,자재창고,,전체라인 투입,
2026-01-09,IN,MAT-003,헤이즐넛페이스트,유로넛츠,L260109-01,114,통,18000,2052000,114.0,냉장창고,PO-2601-023,,2026-01-09
2026-01-09,IN,MAT-010,무염버터,한성식품,L260109-02,8,박스,85500,684000,72.0,냉장창고,PO-2601-064,,2026-01-09
2026-01-09,IN,MAT-011,탈지분유,한성식품,L260109-03,30,봉,8000,240000,30.0,원료창고A,PO-2601-069,,2026-01-09
2026-01-09,OUT,MAT-001,카다이프,,,18,팩,60000,1080000,89.0,원료창고A,,DUBAI+ITALY라인 투입,
2026-01-09,OUT,MAT-002,피스타치오페이스트,,,69,통,38000,2622000,68.3,냉장창고,,DUBAI라인 투입,
2026-01-09,OUT,MAT-003,헤이즐넛페이스트,,,44,통,18000,792000,43.9,냉장창고,,ITALY라인 투입,
2026-01-09,OUT,MAT-004,헤이즐넛분태,,,7,봉,15000,105000,6.3,원료창고A,,ITALY라인 투입,
2026-01-09,OUT,MAT-005,마시멜로,,,67,봉,5500,368500,66.6,원료창고A,,DUBAI+ITALY라인 투입,
2026-01-09,OUT,MAT-006,다크초콜릿,,,2,백,55000,110000,3.4,원료창고B,,ITALY라인 투입,
2026-01-09,OUT,MAT-007,화이트초콜릿,,,7,백,60000,420000,15.3,원료창고B,,DUBAI+ITALY라인 투입,
2026-01-09,OUT,MAT-008,코코아파우더,,,3,봉,16000,48000,2.8,원료창고A,,DUBAI라인 투입,
2026-01-09,OUT,MAT-009,말차파우더,,,6,파우치,22500,135000,2.8,원료창고A,,DUBAI라인 투입,
2026-01-09,OUT,MAT-010,무염버터,,,2,박스,85500,171000,15.4,냉장창고,,DUBAI+ITALY라인 투입,
2026-01-09,OUT,MAT-011,탈지분유,,,7,봉,8000,56000,6.4,원료창고A,,DUBAI+ITALY라인 투입,
2026-01-09,OUT,MAT-012,포장재,,,2960,장,1500,4440000,2960.0,자재창고,,전체라인 투입,
2026-01-10,OUT,MAT-001,카다이프,,,18,팩,60000,1080000,87.8,원료창고A,,DUBAI+ITALY라인 투입,
2026-01-10,OUT,MAT-002,피스타치오페이스트,,,66,통,38000,2508000,65.9,냉장창고,,DUBAI라인 투입,
2026-01-10,OUT,MAT-003,헤이즐넛페이스트,,,44,통,18000,792000,43.5,냉장창고,,ITALY라인 투입,
2026-01-10,OUT,MAT-004,헤이즐넛분태,,,7,봉,15000,105000,6.1,원료창고A,,ITALY라인 투입,
2026-01-10,OUT,MAT-005,마시멜로,,,67,봉,5500,368500,67.0,원료창고A,,DUBAI+ITALY라인 투입,
2026-01-10,OUT,MAT-006,다크초콜릿,,,2,백,55000,110000,3.3,원료창고B,,ITALY라인 투입,
2026-01-10,OUT,MAT-007,화이트초콜릿,,,7,백,60000,420000,15.5,원료창고B,,DUBAI+ITALY라인 투입,
2026-01-10,OUT,MAT-008,코코아파우더,,,3,봉,16000,48000,2.8,원료창고A,,DUBAI라인 투입,
2026-01-10,OUT,MAT-009,말차파우더,,,6,파우치,22500,135000,2.8,원료창고A,,DUBAI라인 투입,
2026-01-10,OUT,MAT-010,무염버터,,,2,박스,85500,171000,15.7,냉장창고,,DUBAI+ITALY라인 투입,
2026-01-10,OUT,MAT-011,탈지분유,,,7,봉,8000,56000,6.2,원료창고A,,DUBAI+ITALY라인 투입,
2026-01-10,OUT,MAT-012,포장재,,,2960,장,1500,4440000,2960.0,자재창고,,전체라인 투입,
2026-01-13,IN,MAT-006,다크초콜릿,카카오트레이드,L260113-01,7,백,55000,385000,17.5,원료창고B,PO-2601-045,,2026-01-13
2026-01-13,IN,MAT-010,무염버터,한성식품,L260113-02,9,박스,85500,769500,81.0,냉장창고,PO-2601-065,,2026-01-13
2026-01-13,IN,MAT-011,탈지분유,한성식품,L260113-03,30,봉,8000,240000,30.0,원료창고A,PO-2601-070,,2026-01-13
2026-01-13,OUT,MAT-001,카다이프,,,18,팩,60000,1080000,86.8,원료창고A,,DUBAI+ITALY라인 투입,
2026-01-13,OUT,MAT-002,피스타치오페이스트,,,67,통,38000,2546000,66.8,냉장창고,,DUBAI라인 투입,
2026-01-13,OUT,MAT-003,헤이즐넛페이스트,,,46,통,18000,828000,45.1,냉장창고,,ITALY라인 투입,
2026-01-13,OUT,MAT-004,헤이즐넛분태,,,7,봉,15000,105000,6.3,원료창고A,,ITALY라인 투입,
2026-01-13,OUT,MAT-005,마시멜로,,,69,봉,5500,379500,68.5,원료창고A,,DUBAI+ITALY라인 투입,
2026-01-13,OUT,MAT-006,다크초콜릿,,,2,백,55000,110000,3.4,원료창고B,,ITALY라인 투입,
2026-01-13,OUT,MAT-007,화이트초콜릿,,,7,백,60000,420000,15.1,원료창고B,,DUBAI+ITALY라인 투입,
2026-01-13,OUT,MAT-008,코코아파우더,,,3,봉,16000,48000,2.9,원료창고A,,DUBAI라인 투입,
2026-01-13,OUT,MAT-009,말차파우더,,,6,파우치,22500,135000,2.7,원료창고A,,DUBAI라인 투입,
2026-01-13,OUT,MAT-010,무염버터,,,2,박스,85500,171000,15.4,냉장창고,,DUBAI+ITALY라인 투입,
2026-01-13,OUT,MAT-011,탈지분유,,,7,봉,8000,56000,6.2,원료창고A,,DUBAI+ITALY라인 투입,
2026-01-13,OUT,MAT-012,포장재,,,2940,장,1500,4410000,2940.0,자재창고,,전체라인 투입,
2026-01-14,IN,MAT-002,피스타치오페이스트,그린넛코리아,L260114-01,171,통,38000,6498000,171.0,냉장창고,PO-2601-015,,2026-01-14
2026-01-14,IN,MAT-004,헤이즐넛분태,유로넛츠,L260114-02,35,봉,15000,525000,35.0,원료창고A,PO-2601-030,,2026-01-14
2026-01-14,IN,MAT-005,마시멜로,한성식품,L260114-03,180,봉,5500,990000,180.0,원료창고A,PO-2601-037,,2026-01-14
2026-01-14,IN,MAT-008,코코아파우더,티파우더,L260114-04,13,봉,16000,208000,13.0,원료창고A,PO-2601-055,,2026-01-14
2026-01-14,OUT,MAT-001,카다이프,,,18,팩,60000,1080000,89.5,원료창고A,,DUBAI+ITALY라인 투입,
2026-01-14,OUT,MAT-002,피스타치오페이스트,,,71,통,38000,2698000,70.8,냉장창고,,DUBAI라인 투입,
2026-01-14,OUT,MAT-003,헤이즐넛페이스트,,,45,통,18000,810000,44.8,냉장창고,,ITALY라인 투입,
2026-01-14,OUT,MAT-004,헤이즐넛분태,,,7,봉,15000,105000,6.1,원료창고A,,ITALY라인 투입,
2026-01-14,OUT,MAT-005,마시멜로,,,68,봉,5500,374000,68.0,원료창고A,,DUBAI+ITALY라인 투입,
2026-01-14,OUT,MAT-006,다크초콜릿,,,2,백,55000,110000,3.4,원료창고B,,ITALY라인 투입,
2026-01-14,OUT,MAT-007,화이트초콜릿,,,7,백,60000,420000,15.2,원료창고B,,DUBAI+ITALY라인 투입,
2026-01-14,OUT,MAT-008,코코아파우더,,,3,봉,16000,48000,2.9,원료창고A,,DUBAI라인 투입,
2026-01-14,OUT,MAT-009,말차파우더,,,6,파우치,22500,135000,2.9,원료창고A,,DUBAI라인 투입,
2026-01-14,OUT,MAT-010,무염버터,,,2,박스,85500,171000,16.0,냉장창고,,DUBAI+ITALY라인 투입,
2026-01-14,OUT,MAT-011,탈지분유,,,7,봉,8000,56000,6.5,원료창고A,,DUBAI+ITALY라인 투입,
2026-01-14,OUT,MAT-012,포장재,,,3020,장,1500,4530000,3020.0,자재창고,,전체라인 투입,
2026-01-15,IN,MAT-001,카다이프,중동식품,L260115-01,42,팩,60000,2520000,210.0,원료창고A,PO-2601-005,,2026-01-15
2026-01-15,IN,MAT-012,포장재,팩앤팩,L260115-02,15000,장,1500,22500000,15000.0,자재창고,PO-2601-075,,2026-01-15
2026-01-15,OUT,MAT-001,카다이프,,,17,팩,60000,1020000,83.2,원료창고A,,DUBAI+ITALY라인 투입,
2026-01-15,OUT,MAT-002,피스타치오페이스트,,,67,통,38000,2546000,66.1,냉장창고,,DUBAI라인 투입,
2026-01-15,OUT,MAT-003,헤이즐넛페이스트,,,44,통,18000,792000,43.5,냉장창고,,ITALY라인 투입,
2026-01-15,OUT,MAT-004,헤이즐넛분태,,,7,봉,15000,105000,6.1,원료창고A,,ITALY라인 투입,
2026-01-15,OUT,MAT-005,마시멜로,,,69,봉,5500,379500,68.8,원료창고A,,DUBAI+ITALY라인 투입,
2026-01-15,OUT,MAT-006,다크초콜릿,,,2,백,55000,110000,3.3,원료창고B,,ITALY라인 투입,
2026-01-15,OUT,MAT-007,화이트초콜릿,,,6,백,60000,360000,14.6,원료창고B,,DUBAI+ITALY라인 투입,
2026-01-15,OUT,MAT-008,코코아파우더,,,3,봉,16000,48000,2.8,원료창고A,,DUBAI라인 투입,
2026-01-15,OUT,MAT-009,말차파우더,,,6,파우치,22500,135000,2.7,원료창고A,,DUBAI라인 투입,
2026-01-15,OUT,MAT-010,무염버터,,,2,박스,85500,171000,14.9,냉장창고,,DUBAI+ITALY라인 투입,
2026-01-15,OUT,MAT-011,탈지분유,,,7,봉,8000,56000,6.1,원료창고A,,DUBAI+ITALY라인 투입,
2026-01-15,OUT,MAT-012,포장재,,,2900,장,1500,4350000,2900.0,자재창고,,전체라인 투입,
2026-01-16,IN,MAT-001,카다이프,중동식품,L260116-01,49,팩,60000,2940000,245.0,원료창고A,PO-2601-006,,2026-01-16
2026-01-16,IN,MAT-002,피스타치오페이스트,그린넛코리아,L260116-02,182,통,38000,6916000,182.0,냉장창고,PO-2601-016,,2026-01-16
2026-01-16,IN,MAT-003,헤이즐넛페이스트,유로넛츠,L260116-03,237,통,18000,4266000,237.0,냉장창고,PO-2601-024,,2026-01-16
2026-01-16,IN,MAT-005,마시멜로,한성식품,L260116-04,177,봉,5500,973500,177.0,원료창고A,PO-2601-038,,2026-01-16
2026-01-16,IN,MAT-007,화이트초콜릿,카카오트레이드,L260116-05,30,백,60000,1800000,75.0,원료창고B,PO-2601-050,,2026-01-16
2026-01-16,IN,MAT-009,말차파우더,티파우더,L260116-06,28,파우치,22500,630000,14.0,원료창고A,PO-2601-060,,2026-01-16
2026-01-16,OUT,MAT-001,카다이프,,,18,팩,60000,1080000,86.4,원료창고A,,DUBAI+ITALY라인 투입,
2026-01-16,OUT,MAT-002,피스타치오페이스트,,,69,통,38000,2622000,68.4,냉장창고,,DUBAI라인 투입,
2026-01-16,OUT,MAT-003,헤이즐넛페이스트,,,45,통,18000,810000,44.5,냉장창고,,ITALY라인 투입,
2026-01-16,OUT,MAT-004,헤이즐넛분태,,,7,봉,15000,105000,6.3,원료창고A,,ITALY라인 투입,
2026-01-16,OUT,MAT-005,마시멜로,,,70,봉,5500,385000,69.3,원료창고A,,DUBAI+ITALY라인 투입,
2026-01-16,OUT,MAT-006,다크초콜릿,,,2,백,55000,110000,3.5,원료창고B,,ITALY라인 투입,
2026-01-16,OUT,MAT-007,화이트초콜릿,,,6,백,60000,360000,14.7,원료창고B,,DUBAI+ITALY라인 투입,
2026-01-16,OUT,MAT-008,코코아파우더,,,3,봉,16000,48000,2.7,원료창고A,,DUBAI라인 투입,
2026-01-16,OUT,MAT-009,말차파우더,,,6,파우치,22500,135000,2.8,원료창고A,,DUBAI라인 투입,
2026-01-16,OUT,MAT-010,무염버터,,,2,박스,85500,171000,15.6,냉장창고,,DUBAI+ITALY라인 투입,
2026-01-16,OUT,MAT-011,탈지분유,,,7,봉,8000,56000,6.4,원료창고A,,DUBAI+ITALY라인 투입,
2026-01-16,OUT,MAT-012,포장재,,,2940,장,1500,4410000,2940.0,자재창고,,전체라인 투입,
2026-01-17,OUT,MAT-001,카다이프,,,18,팩,60000,1080000,86.0,원료창고A,,DUBAI+ITALY라인 투입,
2026-01-17,OUT,MAT-002,피스타치오페이스트,,,67,통,38000,2546000,67.0,냉장창고,,DUBAI라인 투입,
2026-01-17,OUT,MAT-003,헤이즐넛페이스트,,,44,통,18000,792000,43.5,냉장창고,,ITALY라인 투입,
2026-01-17,OUT,MAT-004,헤이즐넛분태,,,7,봉,15000,105000,6.2,원료창고A,,ITALY라인 투입,
2026-01-17,OUT,MAT-005,마시멜로,,,67,봉,5500,368500,67.0,원료창고A,,DUBAI+ITALY라인 투입,
2026-01-17,OUT,MAT-006,다크초콜릿,,,2,백,55000,110000,3.3,원료창고B,,ITALY라인 투입,
2026-01-17,OUT,MAT-007,화이트초콜릿,,,7,백,60000,420000,15.3,원료창고B,,DUBAI+ITALY라인 투입,
2026-01-17,OUT,MAT-008,코코아파우더,,,3,봉,16000,48000,2.6,원료창고A,,DUBAI라인 투입,
2026-01-17,OUT,MAT-009,말차파우더,,,6,파우치,22500,135000,2.9,원료창고A,,DUBAI라인 투입,
2026-01-17,OUT,MAT-010,무염버터,,,2,박스,85500,171000,15.2,냉장창고,,DUBAI+ITALY라인 투입,
2026-01-17,OUT,MAT-011,탈지분유,,,7,봉,8000,56000,6.1,원료창고A,,DUBAI+ITALY라인 투입,
2026-01-17,OUT,MAT-012,포장재,,,2920,장,1500,4380000,2920.0,자재창고,,전체라인 투입,
2026-01-20,IN,MAT-003,헤이즐넛페이스트,유로넛츠,L260120-01,113,통,18000,2034000,113.0,냉장창고,PO-2601-025,,2026-01-20
2026-01-20,IN,MAT-003,헤이즐넛페이스트,유로넛츠,L260120-02,123,통,18000,2214000,123.0,냉장창고,PO-2601-026,,2026-01-20
2026-01-20,IN,MAT-004,헤이즐넛분태,유로넛츠,L260120-03,29,봉,15000,435000,29.0,원료창고A,PO-2601-031,,2026-01-20
2026-01-20,IN,MAT-005,마시멜로,한성식품,L260120-04,195,봉,5500,1072500,195.0,원료창고A,PO-2601-039,,2026-01-20
2026-01-20,OUT,MAT-001,카다이프,,,18,팩,60000,1080000,87.9,원료창고A,,DUBAI+ITALY라인 투입,
2026-01-20,OUT,MAT-002,피스타치오페이스트,,,67,통,38000,2546000,66.1,냉장창고,,DUBAI라인 투입,
2026-01-20,OUT,MAT-003,헤이즐넛페이스트,,,46,통,18000,828000,45.4,냉장창고,,ITALY라인 투입,
2026-01-20,OUT,MAT-004,헤이즐넛분태,,,7,봉,15000,105000,6.5,원료창고A,,ITALY라인 투입,
2026-01-20,OUT,MAT-005,마시멜로,,,71,봉,5500,390500,70.8,원료창고A,,DUBAI+ITALY라인 투입,
2026-01-20,OUT,MAT-006,다크초콜릿,,,2,백,55000,110000,3.4,원료창고B,,ITALY라인 투입,
2026-01-20,OUT,MAT-007,화이트초콜릿,,,6,백,60000,360000,15.0,원료창고B,,DUBAI+ITALY라인 투입,
2026-01-20,OUT,MAT-008,코코아파우더,,,3,봉,16000,48000,2.7,원료창고A,,DUBAI라인 투입,
2026-01-20,OUT,MAT-009,말차파우더,,,6,파우치,22500,135000,2.8,원료창고A,,DUBAI라인 투입,
2026-01-20,OUT,MAT-010,무염버터,,,2,박스,85500,171000,16.0,냉장창고,,DUBAI+ITALY라인 투입,
2026-01-20,OUT,MAT-011,탈지분유,,,7,봉,8000,56000,6.2,원료창고A,,DUBAI+ITALY라인 투입,
2026-01-20,OUT,MAT-012,포장재,,,2980,장,1500,4470000,2980.0,자재창고,,전체라인 투입,
2026-01-21,IN,MAT-001,카다이프,중동식품,L260121-01,48,팩,60000,2880000,240.0,원료창고A,PO-2601-007,,2026-01-21
2026-01-21,IN,MAT-007,화이트초콜릿,카카오트레이드,L260121-02,30,백,60000,1800000,75.0,원료창고B,PO-2601-051,,2026-01-21
2026-01-21,IN,MAT-009,말차파우더,티파우더,L260121-03,32,파우치,22500,720000,16.0,원료창고A,PO-2601-061,,2026-01-21
2026-01-21,OUT,MAT-001,카다이프,,,18,팩,60000,1080000,87.8,원료창고A,,DUBAI+ITALY라인 투입,
2026-01-21,OUT,MAT-002,피스타치오페이스트,,,68,통,38000,2584000,67.2,냉장창고,,DUBAI라인 투입,
2026-01-21,OUT,MAT-003,헤이즐넛페이스트,,,45,통,18000,810000,44.4,냉장창고,,ITALY라인 투입,
2026-01-21,OUT,MAT-004,헤이즐넛분태,,,7,봉,15000,105000,6.4,원료창고A,,ITALY라인 투입,
2026-01-21,OUT,MAT-005,마시멜로,,,67,봉,5500,368500,66.7,원료창고A,,DUBAI+ITALY라인 투입,
2026-01-21,OUT,MAT-006,다크초콜릿,,,2,백,55000,110000,3.4,원료창고B,,ITALY라인 투입,
2026-01-21,OUT,MAT-007,화이트초콜릿,,,7,백,60000,420000,15.4,원료창고B,,DUBAI+ITALY라인 투입,
2026-01-21,OUT,MAT-008,코코아파우더,,,3,봉,16000,48000,2.7,원료창고A,,DUBAI라인 투입,
2026-01-21,OUT,MAT-009,말차파우더,,,6,파우치,22500,135000,2.7,원료창고A,,DUBAI라인 투입,
2026-01-21,OUT,MAT-010,무염버터,,,2,박스,85500,171000,15.7,냉장창고,,DUBAI+ITALY라인 투입,
2026-01-21,OUT,MAT-011,탈지분유,,,7,봉,8000,56000,6.4,원료창고A,,DUBAI+ITALY라인 투입,
2026-01-21,OUT,MAT-012,포장재,,,2960,장,1500,4440000,2960.0,자재창고,,전체라인 투입,
2026-01-22,IN,MAT-002,피스타치오페이스트,그린넛코리아,L260122-01,166,통,38000,6308000,166.0,냉장창고,PO-2601-017,,2026-01-22
2026-01-22,IN,MAT-010,무염버터,한성식품,L260122-02,10,박스,85500,855000,90.0,냉장창고,PO-2601-066,,2026-01-22
2026-01-22,IN,MAT-012,포장재,팩앤팩,L260122-03,14250,장,1500,21375000,14250.0,자재창고,PO-2601-076,,2026-01-22
2026-01-22,OUT,MAT-001,카다이프,,,18,팩,60000,1080000,88.4,원료창고A,,DUBAI+ITALY라인 투입,
2026-01-22,OUT,MAT-002,피스타치오페이스트,,,67,통,38000,2546000,66.6,냉장창고,,DUBAI라인 투입,
2026-01-22,OUT,MAT-003,헤이즐넛페이스트,,,45,통,18000,810000,44.3,냉장창고,,ITALY라인 투입,
2026-01-22,OUT,MAT-004,헤이즐넛분태,,,7,봉,15000,105000,6.4,원료창고A,,ITALY라인 투입,
2026-01-22,OUT,MAT-005,마시멜로,,,68,봉,5500,374000,67.5,원료창고A,,DUBAI+ITALY라인 투입,
2026-01-22,OUT,MAT-006,다크초콜릿,,,2,백,55000,110000,3.3,원료창고B,,ITALY라인 투입,
2026-01-22,OUT,MAT-007,화이트초콜릿,,,6,백,60000,360000,14.8,원료창고B,,DUBAI+ITALY라인 투입,
2026-01-22,OUT,MAT-008,코코아파우더,,,3,봉,16000,48000,2.8,원료창고A,,DUBAI라인 투입,
2026-01-22,OUT,MAT-009,말차파우더,,,6,파우치,22500,135000,2.7,원료창고A,,DUBAI라인 투입,
2026-01-22,OUT,MAT-010,무염버터,,,2,박스,85500,171000,15.6,냉장창고,,DUBAI+ITALY라인 투입,
2026-01-22,OUT,MAT-011,탈지분유,,,6,봉,8000,48000,6.0,원료창고A,,DUBAI+ITALY라인 투입,
2026-01-22,OUT,MAT-012,포장재,,,2920,장,1500,4380000,2920.0,자재창고,,전체라인 투입,
2026-01-23,IN,MAT-001,카다이프,중동식품,L260123-01,42,팩,60000,2520000,210.0,원료창고A,PO-2601-008,,2026-01-23
2026-01-23,IN,MAT-002,피스타치오페이스트,그린넛코리아,L260123-02,180,통,38000,6840000,180.0,냉장창고,PO-2601-018,,2026-01-23
2026-01-23,IN,MAT-005,마시멜로,한성식품,L260123-03,187,봉,5500,1028500,187.0,원료창고A,PO-2601-040,,2026-01-23
2026-01-23,IN,MAT-006,다크초콜릿,카카오트레이드,L260123-04,8,백,55000,440000,20.0,원료창고B,PO-2601-046,,2026-01-23
2026-01-23,IN,MAT-008,코코아파우더,티파우더,L260123-05,14,봉,16000,224000,14.0,원료창고A,PO-2601-056,,2026-01-23
2026-01-23,IN,MAT-011,탈지분유,한성식품,L260123-06,35,봉,8000,280000,35.0,원료창고A,PO-2601-071,,2026-01-23
2026-01-23,OUT,MAT-001,카다이프,,,18,팩,60000,1080000,88.4,원료창고A,,DUBAI+ITALY라인 투입,
2026-01-23,OUT,MAT-002,피스타치오페이스트,,,65,통,38000,2470000,64.4,냉장창고,,DUBAI라인 투입,
2026-01-23,OUT,MAT-003,헤이즐넛페이스트,,,45,통,18000,810000,44.1,냉장창고,,ITALY라인 투입,
2026-01-23,OUT,MAT-004,헤이즐넛분태,,,7,봉,15000,105000,6.3,원료창고A,,ITALY라인 투입,
2026-01-23,OUT,MAT-005,마시멜로,,,68,봉,5500,374000,67.5,원료창고A,,DUBAI+ITALY라인 투입,
2026-01-23,OUT,MAT-006,다크초콜릿,,,2,백,55000,110000,3.3,원료창고B,,ITALY라인 투입,
2026-01-23,OUT,MAT-007,화이트초콜릿,,,7,백,60000,420000,15.3,원료창고B,,DUBAI+ITALY라인 투입,
2026-01-23,OUT,MAT-008,코코아파우더,,,3,봉,16000,48000,2.8,원료창고A,,DUBAI라인 투입,
2026-01-23,OUT,MAT-009,말차파우더,,,6,파우치,22500,135000,2.7,원료창고A,,DUBAI라인 투입,
2026-01-23,OUT,MAT-010,무염버터,,,2,박스,85500,171000,15.7,냉장창고,,DUBAI+ITALY라인 투입,
2026-01-23,OUT,MAT-011,탈지분유,,,7,봉,8000,56000,6.2,원료창고A,,DUBAI+ITALY라인 투입,
2026-01-23,OUT,MAT-012,포장재,,,2920,장,1500,4380000,2920.0,자재창고,,전체라인 투입,
2026-01-24,OUT,MAT-001,카다이프,,,18,팩,60000,1080000,88.1,원료창고A,,DUBAI+ITALY라인 투입,
2026-01-24,OUT,MAT-002,피스타치오페이스트,,,66,통,38000,2508000,65.9,냉장창고,,DUBAI라인 투입,
2026-01-24,OUT,MAT-003,헤이즐넛페이스트,,,45,통,18000,810000,44.5,냉장창고,,ITALY라인 투입,
2026-01-24,OUT,MAT-004,헤이즐넛분태,,,7,봉,15000,105000,6.4,원료창고A,,ITALY라인 투입,
2026-01-24,OUT,MAT-005,마시멜로,,,70,봉,5500,385000,69.4,원료창고A,,DUBAI+ITALY라인 투입,
2026-01-24,OUT,MAT-006,다크초콜릿,,,2,백,55000,110000,3.5,원료창고B,,ITALY라인 투입,
2026-01-24,OUT,MAT-007,화이트초콜릿,,,7,백,60000,420000,15.6,원료창고B,,DUBAI+ITALY라인 투입,
2026-01-24,OUT,MAT-008,코코아파우더,,,3,봉,16000,48000,2.6,원료창고A,,DUBAI라인 투입,
2026-01-24,OUT,MAT-009,말차파우더,,,6,파우치,22500,135000,2.9,원료창고A,,DUBAI라인 투입,
2026-01-24,OUT,MAT-010,무염버터,,,2,박스,85500,171000,15.9,냉장창고,,DUBAI+ITALY라인 투입,
2026-01-24,OUT,MAT-011,탈지분유,,,7,봉,8000,56000,6.4,원료창고A,,DUBAI+ITALY라인 투입,
2026-01-24,OUT,MAT-012,포장재,,,2980,장,1500,4470000,2980.0,자재창고,,전체라인 투입,
2026-01-27,IN,MAT-001,카다이프,중동식품,L260127-01,43,팩,60000,2580000,215.0,원료창고A,PO-2601-009,,2026-01-27
2026-01-27,IN,MAT-002,피스타치오페이스트,그린넛코리아,L260127-02,172,통,38000,6536000,172.0,냉장창고,PO-2601-020,,2026-01-27
2026-01-27,IN,MAT-003,헤이즐넛페이스트,유로넛츠,L260127-03,225,통,18000,4050000,225.0,냉장창고,PO-2601-027,,2026-01-27
2026-01-27,IN,MAT-010,무염버터,한성식품,L260127-04,8,박스,85500,684000,72.0,냉장창고,PO-2601-067,,2026-01-27
2026-01-27,IN,MAT-012,포장재,팩앤팩,L260127-05,14500,장,1500,21750000,14500.0,자재창고,PO-2601-077,,2026-01-27
2026-01-27,OUT,MAT-001,카다이프,,,18,팩,60000,1080000,87.6,원료창고A,,DUBAI+ITALY라인 투입,
2026-01-27,OUT,MAT-002,피스타치오페이스트,,,68,통,38000,2584000,67.5,냉장창고,,DUBAI라인 투입,
2026-01-27,OUT,MAT-003,헤이즐넛페이스트,,,47,통,18000,846000,46.1,냉장창고,,ITALY라인 투입,
2026-01-27,OUT,MAT-004,헤이즐넛분태,,,7,봉,15000,105000,6.2,원료창고A,,ITALY라인 투입,
2026-01-27,OUT,MAT-005,마시멜로,,,68,봉,5500,374000,67.3,원료창고A,,DUBAI+ITALY라인 투입,
2026-01-27,OUT,MAT-006,다크초콜릿,,,2,백,55000,110000,3.5,원료창고B,,ITALY라인 투입,
2026-01-27,OUT,MAT-007,화이트초콜릿,,,7,백,60000,420000,15.5,원료창고B,,DUBAI+ITALY라인 투입,
2026-01-27,OUT,MAT-008,코코아파우더,,,3,봉,16000,48000,2.9,원료창고A,,DUBAI라인 투입,
2026-01-27,OUT,MAT-009,말차파우더,,,6,파우치,22500,135000,2.7,원료창고A,,DUBAI라인 투입,
2026-01-27,OUT,MAT-010,무염버터,,,2,박스,85500,171000,15.7,냉장창고,,DUBAI+ITALY라인 투입,
2026-01-27,OUT,MAT-011,탈지분유,,,7,봉,8000,56000,6.2,원료창고A,,DUBAI+ITALY라인 투입,
2026-01-27,OUT,MAT-012,포장재,,,2960,장,1500,4440000,2960.0,자재창고,,전체라인 투입,
2026-01-28,IN,MAT-002,피스타치오페이스트,그린넛코리아,L260128-01,182,통,38000,6916000,182.0,냉장창고,PO-2601-019,,2026-01-28
2026-01-28,IN,MAT-006,다크초콜릿,카카오트레이드,L260128-02,7,백,55000,385000,17.5,원료창고B,PO-2601-047,,2026-01-28
2026-01-28,IN,MAT-009,말차파우더,티파우더,L260128-03,28,파우치,22500,630000,14.0,원료창고A,PO-2601-062,,2026-01-28
2026-01-28,OUT,MAT-001,카다이프,,,18,팩,60000,1080000,86.7,원료창고A,,DUBAI+ITALY라인 투입,
2026-01-28,OUT,MAT-002,피스타치오페이스트,,,69,통,38000,2622000,68.4,냉장창고,,DUBAI라인 투입,
2026-01-28,OUT,MAT-003,헤이즐넛페이스트,,,46,통,18000,828000,45.3,냉장창고,,ITALY라인 투입,
2026-01-28,OUT,MAT-004,헤이즐넛분태,,,7,봉,15000,105000,6.2,원료창고A,,ITALY라인 투입,
2026-01-28,OUT,MAT-005,마시멜로,,,68,봉,5500,374000,68.0,원료창고A,,DUBAI+ITALY라인 투입,
2026-01-28,OUT,MAT-006,다크초콜릿,,,2,백,55000,110000,3.3,원료창고B,,ITALY라인 투입,
2026-01-28,OUT,MAT-007,화이트초콜릿,,,6,백,60000,360000,15.0,원료창고B,,DUBAI+ITALY라인 투입,
2026-01-28,OUT,MAT-008,코코아파우더,,,3,봉,16000,48000,2.8,원료창고A,,DUBAI라인 투입,
2026-01-28,OUT,MAT-009,말차파우더,,,6,파우치,22500,135000,2.9,원료창고A,,DUBAI라인 투입,
2026-01-28,OUT,MAT-010,무염버터,,,2,박스,85500,171000,15.1,냉장창고,,DUBAI+ITALY라인 투입,
2026-01-28,OUT,MAT-011,탈지분유,,,7,봉,8000,56000,6.2,원료창고A,,DUBAI+ITALY라인 투입,
2026-01-28,OUT,MAT-012,포장재,,,2960,장,1500,4440000,2960.0,자재창고,,전체라인 투입,
2026-01-29,IN,MAT-005,마시멜로,한성식품,L260129-01,183,봉,5500,1006500,183.0,원료창고A,PO-2601-041,,2026-01-29
2026-01-29,IN,MAT-011,탈지분유,한성식품,L260129-02,28,봉,8000,224000,28.0,원료창고A,PO-2601-072,,2026-01-29
2026-01-29,OUT,MAT-001,카다이프,,,18,팩,60000,1080000,85.2,원료창고A,,DUBAI+ITALY라인 투입,
2026-01-29,OUT,MAT-002,피스타치오페이스트,,,69,통,38000,2622000,68.3,냉장창고,,DUBAI라인 투입,
2026-01-29,OUT,MAT-003,헤이즐넛페이스트,,,45,통,18000,810000,44.4,냉장창고,,ITALY라인 투입,
2026-01-29,OUT,MAT-004,헤이즐넛분태,,,7,봉,15000,105000,6.1,원료창고A,,ITALY라인 투입,
2026-01-29,OUT,MAT-005,마시멜로,,,66,봉,5500,363000,65.9,원료창고A,,DUBAI+ITALY라인 투입,
2026-01-29,OUT,MAT-006,다크초콜릿,,,2,백,55000,110000,3.2,원료창고B,,ITALY라인 투입,
2026-01-29,OUT,MAT-007,화이트초콜릿,,,6,백,60000,360000,14.8,원료창고B,,DUBAI+ITALY라인 투입,
2026-01-29,OUT,MAT-008,코코아파우더,,,3,봉,16000,48000,2.7,원료창고A,,DUBAI라인 투입,
2026-01-29,OUT,MAT-009,말차파우더,,,6,파우치,22500,135000,2.8,원료창고A,,DUBAI라인 투입,
2026-01-29,OUT,MAT-010,무염버터,,,2,박스,85500,171000,15.6,냉장창고,,DUBAI+ITALY라인 투입,
2026-01-29,OUT,MAT-011,탈지분유,,,6,봉,8000,48000,6.0,원료창고A,,DUBAI+ITALY라인 투입,
2026-01-29,OUT,MAT-012,포장재,,,2920,장,1500,4380000,2920.0,자재창고,,전체라인 투입,
2026-01-30,IN,MAT-001,카다이프,중동식품,L260130-01,46,팩,60000,2760000,230.0,원료창고A,PO-2601-010,,2026-01-30
2026-01-30,IN,MAT-004,헤이즐넛분태,유로넛츠,L260130-02,33,봉,15000,495000,33.0,원료창고A,PO-2601-032,,2026-01-30
2026-01-30,IN,MAT-005,마시멜로,한성식품,L260130-03,160,봉,5500,880000,160.0,원료창고A,PO-2601-042,,2026-01-30
2026-01-30,IN,MAT-007,화이트초콜릿,카카오트레이드,L260130-04,32,백,60000,1920000,80.0,원료창고B,PO-2601-052,,2026-01-30
2026-01-30,IN,MAT-008,코코아파우더,티파우더,L260130-05,15,봉,16000,240000,15.0,원료창고A,PO-2601-057,,2026-01-30
2026-01-30,OUT,MAT-001,카다이프,,,18,팩,60000,1080000,89.2,원료창고A,,DUBAI+ITALY라인 투입,
2026-01-30,OUT,MAT-002,피스타치오페이스트,,,68,통,38000,2584000,67.8,냉장창고,,DUBAI라인 투입,
2026-01-30,OUT,MAT-003,헤이즐넛페이스트,,,47,통,18000,846000,46.4,냉장창고,,ITALY라인 투입,
2026-01-30,OUT,MAT-004,헤이즐넛분태,,,7,봉,15000,105000,6.5,원료창고A,,ITALY라인 투입,
2026-01-30,OUT,MAT-005,마시멜로,,,68,봉,5500,374000,68.0,원료창고A,,DUBAI+ITALY라인 투입,
2026-01-30,OUT,MAT-006,다크초콜릿,,,2,백,55000,110000,3.4,원료창고B,,ITALY라인 투입,
2026-01-30,OUT,MAT-007,화이트초콜릿,,,7,백,60000,420000,15.1,원료창고B,,DUBAI+ITALY라인 투입,
2026-01-30,OUT,MAT-008,코코아파우더,,,3,봉,16000,48000,2.8,원료창고A,,DUBAI라인 투입,
2026-01-30,OUT,MAT-009,말차파우더,,,6,파우치,22500,135000,2.6,원료창고A,,DUBAI라인 투입,
2026-01-30,OUT,MAT-010,무염버터,,,2,박스,85500,171000,15.3,냉장창고,,DUBAI+ITALY라인 투입,
2026-01-30,OUT,MAT-011,탈지분유,,,7,봉,8000,56000,6.1,원료창고A,,DUBAI+ITALY라인 투입,
2026-01-30,OUT,MAT-012,포장재,,,2960,장,1500,4440000,2960.0,자재창고,,전체라인 투입,
2026-01-31,OUT,MAT-001,카다이프,,,17,팩,60000,1020000,84.4,원료창고A,,DUBAI+ITALY라인 투입,
2026-01-31,OUT,MAT-002,피스타치오페이스트,,,68,통,38000,2584000,67.4,냉장창고,,DUBAI라인 투입,
2026-01-31,OUT,MAT-003,헤이즐넛페이스트,,,45,통,18000,810000,44.2,냉장창고,,ITALY라인 투입,
2026-01-31,OUT,MAT-004,헤이즐넛분태,,,7,봉,15000,105000,6.1,원료창고A,,ITALY라인 투입,
2026-01-31,OUT,MAT-005,마시멜로,,,66,봉,5500,363000,66.0,원료창고A,,DUBAI+ITALY라인 투입,
2026-01-31,OUT,MAT-006,다크초콜릿,,,2,백,55000,110000,3.5,원료창고B,,ITALY라인 투입,
2026-01-31,OUT,MAT-007,화이트초콜릿,,,7,백,60000,420000,15.1,원료창고B,,DUBAI+ITALY라인 투입,
2026-01-31,OUT,MAT-008,코코아파우더,,,3,봉,16000,48000,2.8,원료창고A,,DUBAI라인 투입,
2026-01-31,OUT,MAT-009,말차파우더,,,6,파우치,22500,135000,2.9,원료창고A,,DUBAI라인 투입,
2026-01-31,OUT,MAT-010,무염버터,,,2,박스,85500,171000,15.4,냉장창고,,DUBAI+ITALY라인 투입,
2026-01-31,OUT,MAT-011,탈지분유,,,7,봉,8000,56000,6.2,원료창고A,,DUBAI+ITALY라인 투입,
2026-01-31,OUT,MAT-012,포장재,,,2940,장,1500,4410000,2940.0,자재창고,,전체라인 투입,
2026-02-03,IN,MAT-003,헤이즐넛페이스트,유로넛츠,L260203-01,337,통,18000,6066000,337.0,냉장창고,PO-2602-001,,2026-02-03
2026-02-03,IN,MAT-012,포장재,팩앤팩,L260203-02,12000,장,1500,18000000,12000.0,자재창고,PO-2602-002,,2026-02-03
2026-02-03,OUT,MAT-001,카다이프,,,16,팩,60000,960000,78.8,원료창고A,,DUBAI+ITALY라인 투입,
2026-02-03,OUT,MAT-002,피스타치오페이스트,,,57,통,52000,2964000,56.7,냉장창고,,DUBAI라인 투입,
2026-02-03,OUT,MAT-003,헤이즐넛페이스트,,,45,통,18000,810000,44.6,냉장창고,,ITALY라인 투입,
2026-02-03,OUT,MAT-004,헤이즐넛분태,,,7,봉,15000,105000,6.2,원료창고A,,ITALY라인 투입,
2026-02-03,OUT,MAT-005,마시멜로,,,62,봉,5500,341000,61.9,원료창고A,,DUBAI+ITALY라인 투입,
2026-02-03,OUT,MAT-006,다크초콜릿,,,2,백,55000,110000,3.3,원료창고B,,ITALY라인 투입,
2026-02-03,OUT,MAT-007,화이트초콜릿,,,6,백,60000,360000,13.6,원료창고B,,DUBAI+ITALY라인 투입,
2026-02-03,OUT,MAT-008,코코아파우더,,,3,봉,16000,48000,2.4,원료창고A,,DUBAI라인 투입,
2026-02-03,OUT,MAT-009,말차파우더,,,5,파우치,22500,112500,2.3,원료창고A,,DUBAI라인 투입,
2026-02-03,OUT,MAT-010,무염버터,,,2,박스,85500,171000,14.1,냉장창고,,DUBAI+ITALY라인 투입,
2026-02-03,OUT,MAT-011,탈지분유,,,6,봉,8000,48000,5.6,원료창고A,,DUBAI+ITALY라인 투입,
2026-02-03,OUT,MAT-012,포장재,,,2680,장,1500,4020000,2680.0,자재창고,,전체라인 투입,
2026-02-04,IN,MAT-005,마시멜로,한성식품,L260204-01,314,봉,5500,1727000,314.0,원료창고A,PO-2602-003,,2026-02-04
2026-02-04,IN,MAT-010,무염버터,한성식품,L260204-02,8,박스,85500,684000,72.0,냉장창고,PO-2602-004,,2026-02-04
2026-02-04,IN,MAT-011,탈지분유,한성식품,L260204-03,35,봉,8000,280000,35.0,원료창고A,PO-2602-005,,2026-02-04
2026-02-04,OUT,MAT-001,카다이프,,,16,팩,60000,960000,77.0,원료창고A,,DUBAI+ITALY라인 투입,
2026-02-04,OUT,MAT-002,피스타치오페이스트,,,54,통,52000,2808000,53.7,냉장창고,,DUBAI라인 투입,
2026-02-04,OUT,MAT-003,헤이즐넛페이스트,,,46,통,18000,828000,45.4,냉장창고,,ITALY라인 투입,
2026-02-04,OUT,MAT-004,헤이즐넛분태,,,7,봉,15000,105000,6.3,원료창고A,,ITALY라인 투입,
2026-02-04,OUT,MAT-005,마시멜로,,,61,봉,5500,335500,60.5,원료창고A,,DUBAI+ITALY라인 투입,
2026-02-04,OUT,MAT-006,다크초콜릿,,,2,백,55000,110000,3.4,원료창고B,,ITALY라인 투입,
2026-02-04,OUT,MAT-007,화이트초콜릿,,,6,백,60000,360000,13.1,원료창고B,,DUBAI+ITALY라인 투입,
2026-02-04,OUT,MAT-008,코코아파우더,,,3,봉,16000,48000,2.2,원료창고A,,DUBAI라인 투입,
2026-02-04,OUT,MAT-009,말차파우더,,,5,파우치,22500,112500,2.3,원료창고A,,DUBAI라인 투입,
2026-02-04,OUT,MAT-010,무염버터,,,2,박스,85500,171000,13.8,냉장창고,,DUBAI+ITALY라인 투입,
2026-02-04,OUT,MAT-011,탈지분유,,,6,봉,8000,48000,5.5,원료창고A,,DUBAI+ITALY라인 투입,
2026-02-04,OUT,MAT-012,포장재,,,2620,장,1500,3930000,2620.0,자재창고,,전체라인 투입,
2026-02-05,IN,MAT-002,피스타치오페이스트,그린넛코리아,L260205-01,40,통,52000,2080000,40.0,냉장창고,PO-2602-006,납기 2일 지연,2026-02-03
2026-02-05,OUT,MAT-001,카다이프,,,16,팩,60000,960000,77.0,원료창고A,,DUBAI+ITALY라인 투입,
2026-02-05,OUT,MAT-002,피스타치오페이스트,,,56,통,52000,2912000,55.2,냉장창고,,DUBAI라인 투입,
2026-02-05,OUT,MAT-003,헤이즐넛페이스트,,,44,통,18000,792000,43.8,냉장창고,,ITALY라인 투입,
2026-02-05,OUT,MAT-004,헤이즐넛분태,,,7,봉,15000,105000,6.1,원료창고A,,ITALY라인 투입,
2026-02-05,OUT,MAT-005,마시멜로,,,61,봉,5500,335500,60.5,원료창고A,,DUBAI+ITALY라인 투입,
2026-02-05,OUT,MAT-006,다크초콜릿,,,2,백,55000,110000,3.3,원료창고B,,ITALY라인 투입,
2026-02-05,OUT,MAT-007,화이트초콜릿,,,6,백,60000,360000,13.2,원료창고B,,DUBAI+ITALY라인 투입,
2026-02-05,OUT,MAT-008,코코아파우더,,,3,봉,16000,48000,2.3,원료창고A,,DUBAI라인 투입,
2026-02-05,OUT,MAT-009,말차파우더,,,5,파우치,22500,112500,2.3,원료창고A,,DUBAI라인 투입,
2026-02-05,OUT,MAT-010,무염버터,,,2,박스,85500,171000,13.8,냉장창고,,DUBAI+ITALY라인 투입,
2026-02-05,OUT,MAT-011,탈지분유,,,6,봉,8000,48000,5.5,원료창고A,,DUBAI+ITALY라인 투입,
2026-02-05,OUT,MAT-012,포장재,,,2620,장,1500,3930000,2620.0,자재창고,,전체라인 투입,
2026-02-06,IN,MAT-004,헤이즐넛분태,유로넛츠,L260206-01,47,봉,15000,705000,47.0,원료창고A,PO-2602-007,,2026-02-06
2026-02-06,OUT,MAT-001,카다이프,,,16,팩,60000,960000,77.6,원료창고A,,DUBAI+ITALY라인 투입,
2026-02-06,OUT,MAT-002,피스타치오페이스트,,,56,통,52000,2912000,55.2,냉장창고,,DUBAI라인 투입,
2026-02-06,OUT,MAT-003,헤이즐넛페이스트,,,45,통,18000,810000,44.6,냉장창고,,ITALY라인 투입,
2026-02-06,OUT,MAT-004,헤이즐넛분태,,,7,봉,15000,105000,6.2,원료창고A,,ITALY라인 투입,
2026-02-06,OUT,MAT-005,마시멜로,,,61,봉,5500,335500,61.0,원료창고A,,DUBAI+ITALY라인 투입,
2026-02-06,OUT,MAT-006,다크초콜릿,,,2,백,55000,110000,3.4,원료창고B,,ITALY라인 투입,
2026-02-06,OUT,MAT-007,화이트초콜릿,,,6,백,60000,360000,13.2,원료창고B,,DUBAI+ITALY라인 투입,
2026-02-06,OUT,MAT-008,코코아파우더,,,3,봉,16000,48000,2.3,원료창고A,,DUBAI라인 투입,
2026-02-06,OUT,MAT-009,말차파우더,,,5,파우치,22500,112500,2.3,원료창고A,,DUBAI라인 투입,
2026-02-06,OUT,MAT-010,무염버터,,,2,박스,85500,171000,13.9,냉장창고,,DUBAI+ITALY라인 투입,
2026-02-06,OUT,MAT-011,탈지분유,,,6,봉,8000,48000,5.5,원료창고A,,DUBAI+ITALY라인 투입,
2026-02-06,OUT,MAT-012,포장재,,,2640,장,1500,3960000,2640.0,자재창고,,전체라인 투입,
2026-02-07,IN,MAT-012,포장재,팩앤팩,L260207-01,18000,장,1500,27000000,18000.0,자재창고,PO-2602-008,,2026-02-07
2026-02-07,OUT,MAT-001,카다이프,,,16,팩,60000,960000,76.4,원료창고A,,DUBAI+ITALY라인 투입,
2026-02-07,OUT,MAT-002,피스타치오페이스트,,,54,통,52000,2808000,53.7,냉장창고,,DUBAI라인 투입,
2026-02-07,OUT,MAT-003,헤이즐넛페이스트,,,45,통,18000,810000,44.6,냉장창고,,ITALY라인 투입,
2026-02-07,OUT,MAT-004,헤이즐넛분태,,,7,봉,15000,105000,6.2,원료창고A,,ITALY라인 투입,
2026-02-07,OUT,MAT-005,마시멜로,,,61,봉,5500,335500,60.1,원료창고A,,DUBAI+ITALY라인 투입,
2026-02-07,OUT,MAT-006,다크초콜릿,,,2,백,55000,110000,3.4,원료창고B,,ITALY라인 투입,
2026-02-07,OUT,MAT-007,화이트초콜릿,,,6,백,60000,360000,13.0,원료창고B,,DUBAI+ITALY라인 투입,
2026-02-07,OUT,MAT-008,코코아파우더,,,3,봉,16000,48000,2.3,원료창고A,,DUBAI라인 투입,
2026-02-07,OUT,MAT-009,말차파우더,,,5,파우치,22500,112500,2.2,원료창고A,,DUBAI라인 투입,
2026-02-07,OUT,MAT-010,무염버터,,,2,박스,85500,171000,13.6,냉장창고,,DUBAI+ITALY라인 투입,
2026-02-07,OUT,MAT-011,탈지분유,,,6,봉,8000,48000,5.5,원료창고A,,DUBAI+ITALY라인 투입,
2026-02-07,OUT,MAT-012,포장재,,,2600,장,1500,3900000,2600.0,자재창고,,전체라인 투입,
2026-02-10,IN,MAT-001,카다이프,중동식품,L260210-01,10,팩,60000,600000,50.0,원료창고A,PO-2602-009,납기 3일 지연,2026-02-07
2026-02-10,IN,MAT-003,헤이즐넛페이스트,유로넛츠,L260210-02,256,통,18000,4608000,256.0,냉장창고,PO-2602-010,,2026-02-10
2026-02-10,OUT,MAT-001,카다이프,,,16,팩,60000,960000,77.0,원료창고A,,DUBAI+ITALY라인 투입,
2026-02-10,OUT,MAT-002,피스타치오페이스트,,,54,통,52000,2808000,53.7,냉장창고,,DUBAI라인 투입,
2026-02-10,OUT,MAT-003,헤이즐넛페이스트,,,46,통,18000,828000,45.4,냉장창고,,ITALY라인 투입,
2026-02-10,OUT,MAT-004,헤이즐넛분태,,,7,봉,15000,105000,6.3,원료창고A,,ITALY라인 투입,
2026-02-10,OUT,MAT-005,마시멜로,,,61,봉,5500,335500,60.5,원료창고A,,DUBAI+ITALY라인 투입,
2026-02-10,OUT,MAT-006,다크초콜릿,,,2,백,55000,110000,3.4,원료창고B,,ITALY라인 투입,
2026-02-10,OUT,MAT-007,화이트초콜릿,,,6,백,60000,360000,13.1,원료창고B,,DUBAI+ITALY라인 투입,
2026-02-10,OUT,MAT-008,코코아파우더,,,3,봉,16000,48000,2.3,원료창고A,,DUBAI라인 투입,
2026-02-10,OUT,MAT-009,말차파우더,,,5,파우치,22500,112500,2.2,원료창고A,,DUBAI라인 투입,
2026-02-10,OUT,MAT-010,무염버터,,,2,박스,85500,171000,13.8,냉장창고,,DUBAI+ITALY라인 투입,
2026-02-10,OUT,MAT-011,탈지분유,,,6,봉,8000,48000,5.5,원료창고A,,DUBAI+ITALY라인 투입,
2026-02-10,OUT,MAT-012,포장재,,,2620,장,1500,3930000,2620.0,자재창고,,전체라인 투입,
2026-02-11,IN,MAT-005,마시멜로,한성식품,L260211-01,338,봉,5500,1859000,338.0,원료창고A,PO-2602-011,,2026-02-11
2026-02-11,IN,MAT-010,무염버터,한성식품,L260211-02,7,박스,85500,598500,63.0,냉장창고,PO-2602-012,,2026-02-11
2026-02-11,IN,MAT-011,탈지분유,한성식품,L260211-03,28,봉,8000,224000,28.0,원료창고A,PO-2602-013,,2026-02-11
2026-02-11,OUT,MAT-001,카다이프,,,8,팩,60000,480000,37.6,원료창고A,,DUBAI+ITALY라인 투입,
2026-02-11,OUT,MAT-003,헤이즐넛페이스트,,,49,통,18000,882000,48.4,냉장창고,,ITALY라인 투입,
2026-02-11,OUT,MAT-004,헤이즐넛분태,,,7,봉,15000,105000,6.7,원료창고A,,ITALY라인 투입,
2026-02-11,OUT,MAT-005,마시멜로,,,30,봉,5500,165000,29.6,원료창고A,,DUBAI+ITALY라인 투입,
2026-02-11,OUT,MAT-006,다크초콜릿,,,2,백,55000,110000,3.5,원료창고B,,ITALY라인 투입,
2026-02-11,OUT,MAT-007,화이트초콜릿,,,2,백,60000,120000,4.5,원료창고B,,DUBAI+ITALY라인 투입,
2026-02-11,OUT,MAT-010,무염버터,,,1,박스,85500,85500,6.7,냉장창고,,DUBAI+ITALY라인 투입,
2026-02-11,OUT,MAT-011,탈지분유,,,3,봉,8000,24000,2.7,원료창고A,,DUBAI+ITALY라인 투입,
2026-02-11,OUT,MAT-012,포장재,,,1280,장,1500,1920000,1280.0,자재창고,,전체라인 투입,
2026-02-12,IN,MAT-006,다크초콜릿,카카오트레이드,L260212-01,10,백,55000,550000,25.0,원료창고B,PO-2602-014,,2026-02-12
2026-02-12,IN,MAT-007,화이트초콜릿,카카오트레이드,L260212-02,22,백,60000,1320000,55.0,원료창고B,PO-2602-015,,2026-02-12
2026-02-12,IN,MAT-008,코코아파우더,티파우더,L260212-03,9,봉,16000,144000,9.0,원료창고A,PO-2602-016,,2026-02-12
2026-02-12,IN,MAT-009,말차파우더,티파우더,L260212-04,23,파우치,22500,517500,11.5,원료창고A,PO-2602-017,,2026-02-12
2026-02-12,OUT,MAT-001,카다이프,,,8,팩,60000,480000,37.0,원료창고A,,DUBAI+ITALY라인 투입,
2026-02-12,OUT,MAT-003,헤이즐넛페이스트,,,48,통,18000,864000,47.6,냉장창고,,ITALY라인 투입,
2026-02-12,OUT,MAT-004,헤이즐넛분태,,,7,봉,15000,105000,6.6,원료창고A,,ITALY라인 투입,
2026-02-12,OUT,MAT-005,마시멜로,,,30,봉,5500,165000,29.1,원료창고A,,DUBAI+ITALY라인 투입,
2026-02-12,OUT,MAT-006,다크초콜릿,,,2,백,55000,110000,3.4,원료창고B,,ITALY라인 투입,
2026-02-12,OUT,MAT-007,화이트초콜릿,,,2,백,60000,120000,4.5,원료창고B,,DUBAI+ITALY라인 투입,
2026-02-12,OUT,MAT-010,무염버터,,,1,박스,85500,85500,6.6,냉장창고,,DUBAI+ITALY라인 투입,
2026-02-12,OUT,MAT-011,탈지분유,,,3,봉,8000,24000,2.6,원료창고A,,DUBAI+ITALY라인 투입,
2026-02-12,OUT,MAT-012,포장재,,,1260,장,1500,1890000,1260.0,자재창고,,전체라인 투입,
2026-02-13,IN,MAT-004,헤이즐넛분태,유로넛츠,L260213-01,45,봉,15000,675000,45.0,원료창고A,PO-2602-018,,2026-02-13
2026-02-13,OUT,MAT-001,카다이프,,,8,팩,60000,480000,37.6,원료창고A,,DUBAI+ITALY라인 투입,
2026-02-13,OUT,MAT-003,헤이즐넛페이스트,,,49,통,18000,882000,48.4,냉장창고,,ITALY라인 투입,
2026-02-13,OUT,MAT-004,헤이즐넛분태,,,7,봉,15000,105000,6.7,원료창고A,,ITALY라인 투입,
2026-02-13,OUT,MAT-005,마시멜로,,,30,봉,5500,165000,29.6,원료창고A,,DUBAI+ITALY라인 투입,
2026-02-13,OUT,MAT-006,다크초콜릿,,,2,백,55000,110000,3.7,원료창고B,,ITALY라인 투입,
2026-02-13,OUT,MAT-007,화이트초콜릿,,,2,백,60000,120000,4.4,원료창고B,,DUBAI+ITALY라인 투입,
2026-02-13,OUT,MAT-010,무염버터,,,1,박스,85500,85500,6.7,냉장창고,,DUBAI+ITALY라인 투입,
2026-02-13,OUT,MAT-011,탈지분유,,,3,봉,8000,24000,2.7,원료창고A,,DUBAI+ITALY라인 투입,
2026-02-13,OUT,MAT-012,포장재,,,1280,장,1500,1920000,1280.0,자재창고,,전체라인 투입,
2026-02-14,IN,MAT-001,카다이프,중동식품,L260214-01,80,팩,60000,4800000,400.0,원료창고A,PO-2602-019,납기 4일 지연,2026-02-10
2026-02-14,IN,MAT-012,포장재,팩앤팩,L260214-02,13250,장,1500,19875000,13250.0,자재창고,PO-2602-020,,2026-02-14
2026-02-14,OUT,MAT-001,카다이프,,,8,팩,60000,480000,37.0,원료창고A,,DUBAI+ITALY라인 투입,
2026-02-14,OUT,MAT-003,헤이즐넛페이스트,,,48,통,18000,864000,47.6,냉장창고,,ITALY라인 투입,
2026-02-14,OUT,MAT-004,헤이즐넛분태,,,7,봉,15000,105000,6.6,원료창고A,,ITALY라인 투입,
2026-02-14,OUT,MAT-005,마시멜로,,,30,봉,5500,165000,29.1,원료창고A,,DUBAI+ITALY라인 투입,
2026-02-14,OUT,MAT-006,다크초콜릿,,,2,백,55000,110000,3.5,원료창고B,,ITALY라인 투입,
2026-02-14,OUT,MAT-007,화이트초콜릿,,,2,백,60000,120000,4.4,원료창고B,,DUBAI+ITALY라인 투입,
2026-02-14,OUT,MAT-010,무염버터,,,1,박스,85500,85500,6.6,냉장창고,,DUBAI+ITALY라인 투입,
2026-02-14,OUT,MAT-011,탈지분유,,,3,봉,8000,24000,2.6,원료창고A,,DUBAI+ITALY라인 투입,
2026-02-14,OUT,MAT-012,포장재,,,1260,장,1500,1890000,1260.0,자재창고,,전체라인 투입,
2026-02-17,IN,MAT-002,피스타치오페이스트,그린넛코리아,L260217-01,60,통,52000,3120000,60.0,냉장창고,PO-2602-021,납기 7일 지연,2026-02-10
2026-02-17,IN,MAT-003,헤이즐넛페이스트,유로넛츠,L260217-02,330,통,18000,5940000,330.0,냉장창고,PO-2602-022,,2026-02-17
2026-02-17,OUT,MAT-001,카다이프,,,16,팩,60000,960000,75.3,원료창고A,,DUBAI+ITALY라인 투입,
2026-02-17,OUT,MAT-002,피스타치오페이스트,,,46,통,52000,2392000,45.4,냉장창고,,DUBAI라인 투입,
2026-02-17,OUT,MAT-003,헤이즐넛페이스트,,,52,통,18000,936000,51.4,냉장창고,,ITALY라인 투입,
2026-02-17,OUT,MAT-004,헤이즐넛분태,,,8,봉,15000,120000,7.1,원료창고A,,ITALY라인 투입,
2026-02-17,OUT,MAT-005,마시멜로,,,60,봉,5500,330000,59.1,원료창고A,,DUBAI+ITALY라인 투입,
2026-02-17,OUT,MAT-006,다크초콜릿,,,2,백,55000,110000,3.9,원료창고B,,ITALY라인 투입,
2026-02-17,OUT,MAT-007,화이트초콜릿,,,5,백,60000,300000,12.2,원료창고B,,DUBAI+ITALY라인 투입,
2026-02-17,OUT,MAT-008,코코아파우더,,,2,봉,16000,32000,1.9,원료창고A,,DUBAI라인 투입,
2026-02-17,OUT,MAT-009,말차파우더,,,4,파우치,22500,90000,1.9,원료창고A,,DUBAI라인 투입,
2026-02-17,OUT,MAT-010,무염버터,,,2,박스,85500,171000,13.4,냉장창고,,DUBAI+ITALY라인 투입,
2026-02-17,OUT,MAT-011,탈지분유,,,6,봉,8000,48000,5.4,원료창고A,,DUBAI+ITALY라인 투입,
2026-02-17,OUT,MAT-012,포장재,,,2560,장,1500,3840000,2560.0,자재창고,,전체라인 투입,
2026-02-18,IN,MAT-002,피스타치오페이스트,그린넛코리아,L260218-01,119,통,52000,6188000,119.0,냉장창고,PO-2602-023,,2026-02-18
2026-02-18,IN,MAT-005,마시멜로,한성식품,L260218-02,400,봉,5500,2200000,400.0,원료창고A,PO-2602-024,,2026-02-18
2026-02-18,IN,MAT-010,무염버터,한성식품,L260218-03,10,박스,85500,855000,90.0,냉장창고,PO-2602-025,,2026-02-18
2026-02-18,IN,MAT-011,탈지분유,한성식품,L260218-04,30,봉,8000,240000,30.0,원료창고A,PO-2602-026,,2026-02-18
2026-02-18,OUT,MAT-001,카다이프,,,15,팩,60000,900000,74.1,원료창고A,,DUBAI+ITALY라인 투입,
2026-02-18,OUT,MAT-002,피스타치오페이스트,,,46,통,52000,2392000,45.4,냉장창고,,DUBAI라인 투입,
2026-02-18,OUT,MAT-003,헤이즐넛페이스트,,,50,통,18000,900000,49.9,냉장창고,,ITALY라인 투입,
2026-02-18,OUT,MAT-004,헤이즐넛분태,,,7,봉,15000,105000,6.9,원료창고A,,ITALY라인 투입,
2026-02-18,OUT,MAT-005,마시멜로,,,59,봉,5500,324500,58.2,원료창고A,,DUBAI+ITALY라인 투입,
2026-02-18,OUT,MAT-006,다크초콜릿,,,2,백,55000,110000,3.8,원료창고B,,ITALY라인 투입,
2026-02-18,OUT,MAT-007,화이트초콜릿,,,5,백,60000,300000,12.1,원료창고B,,DUBAI+ITALY라인 투입,
2026-02-18,OUT,MAT-008,코코아파우더,,,2,봉,16000,32000,1.9,원료창고A,,DUBAI라인 투입,
2026-02-18,OUT,MAT-009,말차파우더,,,4,파우치,22500,90000,1.9,원료창고A,,DUBAI라인 투입,
2026-02-18,OUT,MAT-010,무염버터,,,2,박스,85500,171000,13.2,냉장창고,,DUBAI+ITALY라인 투입,
2026-02-18,OUT,MAT-011,탈지분유,,,6,봉,8000,48000,5.3,원료창고A,,DUBAI+ITALY라인 투입,
2026-02-18,OUT,MAT-012,포장재,,,2520,장,1500,3780000,2520.0,자재창고,,전체라인 투입,
2026-02-19,IN,MAT-006,다크초콜릿,카카오트레이드,L260219-01,8,백,55000,440000,20.0,원료창고B,PO-2602-027,,2026-02-19
2026-02-19,IN,MAT-007,화이트초콜릿,카카오트레이드,L260219-02,35,백,60000,2100000,87.5,원료창고B,PO-2602-028,,2026-02-19
2026-02-19,IN,MAT-008,코코아파우더,티파우더,L260219-03,10,봉,16000,160000,10.0,원료창고A,PO-2602-029,,2026-02-19
2026-02-19,IN,MAT-009,말차파우더,티파우더,L260219-04,17,파우치,22500,382500,8.5,원료창고A,PO-2602-030,,2026-02-19
2026-02-19,OUT,MAT-001,카다이프,,,16,팩,60000,960000,76.4,원료창고A,,DUBAI+ITALY라인 투입,
2026-02-19,OUT,MAT-002,피스타치오페이스트,,,46,통,52000,2392000,45.4,냉장창고,,DUBAI라인 투입,
2026-02-19,OUT,MAT-003,헤이즐넛페이스트,,,53,통,18000,954000,52.9,냉장창고,,ITALY라인 투입,
2026-02-19,OUT,MAT-004,헤이즐넛분태,,,8,봉,15000,120000,7.3,원료창고A,,ITALY라인 투입,
2026-02-19,OUT,MAT-005,마시멜로,,,61,봉,5500,335500,60.1,원료창고A,,DUBAI+ITALY라인 투입,
2026-02-19,OUT,MAT-006,다크초콜릿,,,2,백,55000,110000,4.0,원료창고B,,ITALY라인 투입,
2026-02-19,OUT,MAT-007,화이트초콜릿,,,5,백,60000,300000,12.3,원료창고B,,DUBAI+ITALY라인 투입,
2026-02-19,OUT,MAT-008,코코아파우더,,,2,봉,16000,32000,2.0,원료창고A,,DUBAI라인 투입,
2026-02-19,OUT,MAT-009,말차파우더,,,4,파우치,22500,90000,1.8,원료창고A,,DUBAI라인 투입,
2026-02-19,OUT,MAT-010,무염버터,,,2,박스,85500,171000,13.6,냉장창고,,DUBAI+ITALY라인 투입,
2026-02-19,OUT,MAT-011,탈지분유,,,6,봉,8000,48000,5.5,원료창고A,,DUBAI+ITALY라인 투입,
2026-02-19,OUT,MAT-012,포장재,,,2600,장,1500,3900000,2600.0,자재창고,,전체라인 투입,
2026-02-20,IN,MAT-001,카다이프,중동식품,L260220-01,117,팩,60000,7020000,585.0,원료창고A,PO-2602-031,2월 납기 확인 필요,2026-02-20
2026-02-20,IN,MAT-004,헤이즐넛분태,유로넛츠,L260220-02,46,봉,15000,690000,46.0,원료창고A,PO-2602-032,,2026-02-20
2026-02-20,OUT,MAT-001,카다이프,,,15,팩,60000,900000,74.1,원료창고A,,DUBAI+ITALY라인 투입,
2026-02-20,OUT,MAT-002,피스타치오페이스트,,,44,통,52000,2288000,43.8,냉장창고,,DUBAI라인 투입,
2026-02-20,OUT,MAT-003,헤이즐넛페이스트,,,52,통,18000,936000,51.4,냉장창고,,ITALY라인 투입,
2026-02-20,OUT,MAT-004,헤이즐넛분태,,,8,봉,15000,120000,7.1,원료창고A,,ITALY라인 투입,
2026-02-20,OUT,MAT-005,마시멜로,,,59,봉,5500,324500,58.2,원료창고A,,DUBAI+ITALY라인 투입,
2026-02-20,OUT,MAT-006,다크초콜릿,,,2,백,55000,110000,4.0,원료창고B,,ITALY라인 투입,
2026-02-20,OUT,MAT-007,화이트초콜릿,,,5,백,60000,300000,11.8,원료창고B,,DUBAI+ITALY라인 투입,
2026-02-20,OUT,MAT-008,코코아파우더,,,2,봉,16000,32000,1.8,원료창고A,,DUBAI라인 투입,
2026-02-20,OUT,MAT-009,말차파우더,,,4,파우치,22500,90000,1.8,원료창고A,,DUBAI라인 투입,
2026-02-20,OUT,MAT-010,무염버터,,,2,박스,85500,171000,13.2,냉장창고,,DUBAI+ITALY라인 투입,
2026-02-20,OUT,MAT-011,탈지분유,,,6,봉,8000,48000,5.3,원료창고A,,DUBAI+ITALY라인 투입,
2026-02-20,OUT,MAT-012,포장재,,,2520,장,1500,3780000,2520.0,자재창고,,전체라인 투입,
2026-02-21,IN,MAT-002,피스타치오페이스트,그린넛코리아,L260221-01,176,통,52000,9152000,176.0,냉장창고,PO-2602-033,,2026-02-21
2026-02-21,IN,MAT-012,포장재,팩앤팩,L260221-02,15500,장,1500,23250000,15500.0,자재창고,PO-2602-034,,2026-02-21
2026-02-21,OUT,MAT-001,카다이프,,,15,팩,60000,900000,74.1,원료창고A,,DUBAI+ITALY라인 투입,
2026-02-21,OUT,MAT-002,피스타치오페이스트,,,46,통,52000,2392000,45.4,냉장창고,,DUBAI라인 투입,
2026-02-21,OUT,MAT-003,헤이즐넛페이스트,,,50,통,18000,900000,49.9,냉장창고,,ITALY라인 투입,
2026-02-21,OUT,MAT-004,헤이즐넛분태,,,7,봉,15000,105000,6.9,원료창고A,,ITALY라인 투입,
2026-02-21,OUT,MAT-005,마시멜로,,,59,봉,5500,324500,58.2,원료창고A,,DUBAI+ITALY라인 투입,
2026-02-21,OUT,MAT-006,다크초콜릿,,,2,백,55000,110000,3.8,원료창고B,,ITALY라인 투입,
2026-02-21,OUT,MAT-007,화이트초콜릿,,,5,백,60000,300000,12.1,원료창고B,,DUBAI+ITALY라인 투입,
2026-02-21,OUT,MAT-008,코코아파우더,,,2,봉,16000,32000,1.9,원료창고A,,DUBAI라인 투입,
2026-02-21,OUT,MAT-009,말차파우더,,,4,파우치,22500,90000,1.9,원료창고A,,DUBAI라인 투입,
2026-02-21,OUT,MAT-010,무염버터,,,2,박스,85500,171000,13.2,냉장창고,,DUBAI+ITALY라인 투입,
2026-02-21,OUT,MAT-011,탈지분유,,,6,봉,8000,48000,5.3,원료창고A,,DUBAI+ITALY라인 투입,
2026-02-21,OUT,MAT-012,포장재,,,2520,장,1500,3780000,2520.0,자재창고,,전체라인 투입,
2026-02-24,IN,MAT-003,헤이즐넛페이스트,유로넛츠,L260224-01,386,통,18000,6948000,386.0,냉장창고,PO-2602-035,,2026-02-24
2026-02-24,OUT,MAT-001,카다이프,,,16,팩,60000,960000,78.2,원료창고A,,DUBAI+ITALY라인 투입,
2026-02-24,OUT,MAT-002,피스타치오페이스트,,,49,통,52000,2548000,48.4,냉장창고,,DUBAI라인 투입,
2026-02-24,OUT,MAT-003,헤이즐넛페이스트,,,53,통,18000,954000,52.2,냉장창고,,ITALY라인 투입,
2026-02-24,OUT,MAT-004,헤이즐넛분태,,,8,봉,15000,120000,7.2,원료창고A,,ITALY라인 투입,
2026-02-24,OUT,MAT-005,마시멜로,,,62,봉,5500,341000,61.4,원료창고A,,DUBAI+ITALY라인 투입,
2026-02-24,OUT,MAT-006,다크초콜릿,,,2,백,55000,110000,4.0,원료창고B,,ITALY라인 투입,
2026-02-24,OUT,MAT-007,화이트초콜릿,,,6,백,60000,360000,12.7,원료창고B,,DUBAI+ITALY라인 투입,
2026-02-24,OUT,MAT-008,코코아파우더,,,2,봉,16000,32000,2.0,원료창고A,,DUBAI라인 투입,
2026-02-24,OUT,MAT-009,말차파우더,,,4,파우치,22500,90000,2.0,원료창고A,,DUBAI라인 투입,
2026-02-24,OUT,MAT-010,무염버터,,,2,박스,85500,171000,14.0,냉장창고,,DUBAI+ITALY라인 투입,
2026-02-24,OUT,MAT-011,탈지분유,,,6,봉,8000,48000,5.6,원료창고A,,DUBAI+ITALY라인 투입,
2026-02-24,OUT,MAT-012,포장재,,,2660,장,1500,3990000,2660.0,자재창고,,전체라인 투입,
2026-02-25,IN,MAT-002,피스타치오페이스트,그린넛코리아,L260225-01,162,통,52000,8424000,162.0,냉장창고,PO-2602-036,,2026-02-25
2026-02-25,IN,MAT-005,마시멜로,한성식품,L260225-02,404,봉,5500,2222000,404.0,원료창고A,PO-2602-037,,2026-02-25
2026-02-25,IN,MAT-010,무염버터,한성식품,L260225-03,9,박스,85500,769500,81.0,냉장창고,PO-2602-038,,2026-02-25
2026-02-25,IN,MAT-011,탈지분유,한성식품,L260225-04,37,봉,8000,296000,37.0,원료창고A,PO-2602-039,,2026-02-25
2026-02-25,OUT,MAT-001,카다이프,,,16,팩,60000,960000,77.0,원료창고A,,DUBAI+ITALY라인 투입,
2026-02-25,OUT,MAT-002,피스타치오페이스트,,,47,통,52000,2444000,46.9,냉장창고,,DUBAI라인 투입,
2026-02-25,OUT,MAT-003,헤이즐넛페이스트,,,53,통,18000,954000,52.2,냉장창고,,ITALY라인 투입,
2026-02-25,OUT,MAT-004,헤이즐넛분태,,,8,봉,15000,120000,7.2,원료창고A,,ITALY라인 투입,
2026-02-25,OUT,MAT-005,마시멜로,,,61,봉,5500,335500,60.5,원료창고A,,DUBAI+ITALY라인 투입,
2026-02-25,OUT,MAT-006,다크초콜릿,,,2,백,55000,110000,3.9,원료창고B,,ITALY라인 투입,
2026-02-25,OUT,MAT-007,화이트초콜릿,,,6,백,60000,360000,12.6,원료창고B,,DUBAI+ITALY라인 투입,
2026-02-25,OUT,MAT-008,코코아파우더,,,2,봉,16000,32000,2.0,원료창고A,,DUBAI라인 투입,
2026-02-25,OUT,MAT-009,말차파우더,,,4,파우치,22500,90000,1.9,원료창고A,,DUBAI라인 투입,
2026-02-25,OUT,MAT-010,무염버터,,,2,박스,85500,171000,13.8,냉장창고,,DUBAI+ITALY라인 투입,
2026-02-25,OUT,MAT-011,탈지분유,,,6,봉,8000,48000,5.5,원료창고A,,DUBAI+ITALY라인 투입,
2026-02-25,OUT,MAT-012,포장재,,,2620,장,1500,3930000,2620.0,자재창고,,전체라인 투입,
2026-02-26,IN,MAT-006,다크초콜릿,카카오트레이드,L260226-01,10,백,55000,550000,25.0,원료창고B,PO-2602-040,,2026-02-26
2026-02-26,IN,MAT-007,화이트초콜릿,카카오트레이드,L260226-02,31,백,60000,1860000,77.5,원료창고B,PO-2602-041,,2026-02-26
2026-02-26,IN,MAT-008,코코아파우더,티파우더,L260226-03,9,봉,16000,144000,9.0,원료창고A,PO-2602-042,,2026-02-26
2026-02-26,IN,MAT-009,말차파우더,티파우더,L260226-04,19,파우치,22500,427500,9.5,원료창고A,PO-2602-043,,2026-02-26
2026-02-26,OUT,MAT-001,카다이프,,,16,팩,60000,960000,76.4,원료창고A,,DUBAI+ITALY라인 투입,
2026-02-26,OUT,MAT-002,피스타치오페이스트,,,47,통,52000,2444000,46.9,냉장창고,,DUBAI라인 투입,
2026-02-26,OUT,MAT-003,헤이즐넛페이스트,,,52,통,18000,936000,51.4,냉장창고,,ITALY라인 투입,
2026-02-26,OUT,MAT-004,헤이즐넛분태,,,8,봉,15000,120000,7.1,원료창고A,,ITALY라인 투입,
2026-02-26,OUT,MAT-005,마시멜로,,,61,봉,5500,335500,60.1,원료창고A,,DUBAI+ITALY라인 투입,
2026-02-26,OUT,MAT-006,다크초콜릿,,,2,백,55000,110000,4.0,원료창고B,,ITALY라인 투입,
2026-02-26,OUT,MAT-007,화이트초콜릿,,,5,백,60000,300000,12.3,원료창고B,,DUBAI+ITALY라인 투입,
2026-02-26,OUT,MAT-008,코코아파우더,,,2,봉,16000,32000,2.0,원료창고A,,DUBAI라인 투입,
2026-02-26,OUT,MAT-009,말차파우더,,,4,파우치,22500,90000,2.0,원료창고A,,DUBAI라인 투입,
2026-02-26,OUT,MAT-010,무염버터,,,2,박스,85500,171000,13.6,냉장창고,,DUBAI+ITALY라인 투입,
2026-02-26,OUT,MAT-011,탈지분유,,,6,봉,8000,48000,5.5,원료창고A,,DUBAI+ITALY라인 투입,
2026-02-26,OUT,MAT-012,포장재,,,2600,장,1500,3900000,2600.0,자재창고,,전체라인 투입,
2026-02-27,IN,MAT-001,카다이프,중동식품,L260227-01,86,팩,60000,5160000,430.0,원료창고A,PO-2602-044,,2026-02-27
2026-02-27,IN,MAT-004,헤이즐넛분태,유로넛츠,L260227-02,38,봉,15000,570000,38.0,원료창고A,PO-2602-045,,2026-02-27
2026-02-27,OUT,MAT-001,카다이프,,,16,팩,60000,960000,77.0,원료창고A,,DUBAI+ITALY라인 투입,
2026-02-27,OUT,MAT-002,피스타치오페이스트,,,47,통,52000,2444000,46.9,냉장창고,,DUBAI라인 투입,
2026-02-27,OUT,MAT-003,헤이즐넛페이스트,,,53,통,18000,954000,52.2,냉장창고,,ITALY라인 투입,
2026-02-27,OUT,MAT-004,헤이즐넛분태,,,8,봉,15000,120000,7.2,원료창고A,,ITALY라인 투입,
2026-02-27,OUT,MAT-005,마시멜로,,,61,봉,5500,335500,60.5,원료창고A,,DUBAI+ITALY라인 투입,
2026-02-27,OUT,MAT-006,다크초콜릿,,,2,백,55000,110000,3.9,원료창고B,,ITALY라인 투입,
2026-02-27,OUT,MAT-007,화이트초콜릿,,,6,백,60000,360000,12.6,원료창고B,,DUBAI+ITALY라인 투입,
2026-02-27,OUT,MAT-008,코코아파우더,,,2,봉,16000,32000,2.0,원료창고A,,DUBAI라인 투입,
2026-02-27,OUT,MAT-009,말차파우더,,,4,파우치,22500,90000,2.0,원료창고A,,DUBAI라인 투입,
2026-02-27,OUT,MAT-010,무염버터,,,2,박스,85500,171000,13.8,냉장창고,,DUBAI+ITALY라인 투입,
2026-02-27,OUT,MAT-011,탈지분유,,,6,봉,8000,48000,5.5,원료창고A,,DUBAI+ITALY라인 투입,
2026-02-27,OUT,MAT-012,포장재,,,2620,장,1500,3930000,2620.0,자재창고,,전체라인 투입,
2026-02-28,IN,MAT-002,피스타치오페이스트,그린넛코리아,L260228-01,140,통,52000,7280000,140.0,냉장창고,PO-2602-046,,2026-02-28
2026-02-28,IN,MAT-012,포장재,팩앤팩,L260228-02,16250,장,1500,24375000,16250.0,자재창고,PO-2602-047,,2026-02-28
2026-02-28,OUT,MAT-001,카다이프,,,16,팩,60000,960000,75.9,원료창고A,,DUBAI+ITALY라인 투입,
2026-02-28,OUT,MAT-002,피스타치오페이스트,,,48,통,52000,2496000,47.6,냉장창고,,DUBAI라인 투입,
2026-02-28,OUT,MAT-003,헤이즐넛페이스트,,,50,통,18000,900000,49.9,냉장창고,,ITALY라인 투입,
2026-02-28,OUT,MAT-004,헤이즐넛분태,,,7,봉,15000,105000,6.9,원료창고A,,ITALY라인 투입,
2026-02-28,OUT,MAT-005,마시멜로,,,60,봉,5500,330000,59.6,원료창고A,,DUBAI+ITALY라인 투입,
2026-02-28,OUT,MAT-006,다크초콜릿,,,2,백,55000,110000,3.8,원료창고B,,ITALY라인 투입,
2026-02-28,OUT,MAT-007,화이트초콜릿,,,5,백,60000,300000,12.5,원료창고B,,DUBAI+ITALY라인 투입,
2026-02-28,OUT,MAT-008,코코아파우더,,,2,봉,16000,32000,2.0,원료창고A,,DUBAI라인 투입,
2026-02-28,OUT,MAT-009,말차파우더,,,4,파우치,22500,90000,2.0,원료창고A,,DUBAI라인 투입,
2026-02-28,OUT,MAT-010,무염버터,,,2,박스,85500,171000,13.5,냉장창고,,DUBAI+ITALY라인 투입,
2026-02-28,OUT,MAT-011,탈지분유,,,6,봉,8000,48000,5.4,원료창고A,,DUBAI+ITALY라인 투입,
2026-02-28,OUT,MAT-012,포장재,,,2580,장,1500,3870000,2580.0,자재창고,,전체라인 투입,
2026-03-03,IN,MAT-001,카다이프,중동식품,L260303-01,39,팩,62500,2437500,195.0,원료창고A,PO-2603-001,,2026-03-03
2026-03-03,IN,MAT-004,헤이즐넛분태,유로넛츠,L260303-02,41,봉,15300,627300,41.0,원료창고A,PO-2603-016,,2026-03-03
2026-03-03,IN,MAT-005,마시멜로,한성식품,L260303-03,182,봉,5600,1019200,182.0,원료창고A,PO-2603-021,,2026-03-03
2026-03-03,IN,MAT-009,말차파우더,티파우더,L260303-04,24,파우치,22750,546000,12.0,원료창고A,PO-2603-042,,2026-03-03
2026-03-03,OUT,MAT-001,카다이프,,,17,팩,62500,1062500,82.8,원료창고A,,DUBAI+ITALY라인 투입,
2026-03-03,OUT,MAT-002,피스타치오페이스트,,,58,통,49000,2842000,57.7,냉장창고,,DUBAI라인 투입,
2026-03-03,OUT,MAT-003,헤이즐넛페이스트,,,48,통,18500,888000,47.4,냉장창고,,ITALY라인 투입,
2026-03-03,OUT,MAT-004,헤이즐넛분태,,,7,봉,15300,107100,6.8,원료창고A,,ITALY라인 투입,
2026-03-03,OUT,MAT-005,마시멜로,,,67,봉,5600,375200,66.2,원료창고A,,DUBAI+ITALY라인 투입,
2026-03-03,OUT,MAT-006,다크초콜릿,,,2,백,56250,112500,3.6,원료창고B,,ITALY라인 투입,
2026-03-03,OUT,MAT-007,화이트초콜릿,,,6,백,61250,367500,14.3,원료창고B,,DUBAI+ITALY라인 투입,
2026-03-03,OUT,MAT-008,코코아파우더,,,3,봉,16200,48600,2.4,원료창고A,,DUBAI라인 투입,
2026-03-03,OUT,MAT-009,말차파우더,,,5,파우치,22750,113750,2.4,원료창고A,,DUBAI라인 투입,
2026-03-03,OUT,MAT-010,무염버터,,,2,박스,87300,174600,14.3,냉장창고,,DUBAI+ITALY라인 투입,
2026-03-03,OUT,MAT-011,탈지분유,,,6,봉,8000,48000,6.0,원료창고A,,DUBAI+ITALY라인 투입,
2026-03-03,OUT,MAT-012,포장재,,,2800,장,1500,4200000,2800.0,자재창고,,전체라인 투입,
2026-03-04,IN,MAT-001,카다이프,중동식품,L260304-01,42,팩,62500,2625000,210.0,원료창고A,PO-2603-002,,2026-03-04
2026-03-04 00:00:00,IN,MAT-002,피스타치오페이스트,그린넛코리아,L260304-E01,130,통,49000,6370000,130.0,냉장창고,PO-2603-E01,재고회복-추가발주,2026-03-04
2026-03-04,IN,MAT-010,무염버터,한성식품,L260304-02,8,박스,87300,698400,72.0,냉장창고,PO-2603-047,,2026-03-04
2026-03-04,OUT,MAT-001,카다이프,,,17,팩,62500,1062500,82.5,원료창고A,,DUBAI+ITALY라인 투입,
2026-03-04,OUT,MAT-002,피스타치오페이스트,,,55,통,49000,2695000,54.4,냉장창고,,DUBAI라인 투입,
2026-03-04,OUT,MAT-003,헤이즐넛페이스트,,,49,통,18500,906500,48.3,냉장창고,,ITALY라인 투입,
2026-03-04,OUT,MAT-004,헤이즐넛분태,,,7,봉,15300,107100,6.9,원료창고A,,ITALY라인 투입,
2026-03-04,OUT,MAT-005,마시멜로,,,65,봉,5600,364000,64.2,원료창고A,,DUBAI+ITALY라인 투입,
2026-03-04,OUT,MAT-006,다크초콜릿,,,2,백,56250,112500,3.6,원료창고B,,ITALY라인 투입,
2026-03-04,OUT,MAT-007,화이트초콜릿,,,6,백,61250,367500,14.1,원료창고B,,DUBAI+ITALY라인 투입,
2026-03-04,OUT,MAT-008,코코아파우더,,,3,봉,16200,48600,2.3,원료창고A,,DUBAI라인 투입,
2026-03-04,OUT,MAT-009,말차파우더,,,5,파우치,22750,113750,2.4,원료창고A,,DUBAI라인 투입,
2026-03-04,OUT,MAT-010,무염버터,,,2,박스,87300,174600,14.3,냉장창고,,DUBAI+ITALY라인 투입,
2026-03-04,OUT,MAT-011,탈지분유,,,6,봉,8000,48000,5.7,원료창고A,,DUBAI+ITALY라인 투입,
2026-03-04,OUT,MAT-012,포장재,,,2760,장,1500,4140000,2760.0,자재창고,,전체라인 투입,
2026-03-05,IN,MAT-003,헤이즐넛페이스트,유로넛츠,L260305-01,272,통,18500,5032000,272.0,냉장창고,PO-2603-012,,2026-03-05
2026-03-05,IN,MAT-005,마시멜로,한성식품,L260305-02,153,봉,5600,856800,153.0,원료창고A,PO-2603-020,,2026-03-05
2026-03-05,IN,MAT-007,화이트초콜릿,카카오트레이드,L260305-03,26,백,61250,1592500,65.0,원료창고B,PO-2603-033,,2026-03-05
2026-03-05,IN,MAT-012,포장재,팩앤팩,L260305-04,15250,장,1500,22875000,15250.0,자재창고,PO-2603-056,,2026-03-05
2026-03-05,OUT,MAT-001,카다이프,,,17,팩,62500,1062500,83.8,원료창고A,,DUBAI+ITALY라인 투입,
2026-03-05,OUT,MAT-002,피스타치오페이스트,,,58,통,49000,2842000,57.1,냉장창고,,DUBAI라인 투입,
2026-03-05,OUT,MAT-003,헤이즐넛페이스트,,,49,통,18500,906500,48.2,냉장창고,,ITALY라인 투입,
2026-03-05,OUT,MAT-004,헤이즐넛분태,,,7,봉,15300,107100,6.8,원료창고A,,ITALY라인 투입,
2026-03-05,OUT,MAT-005,마시멜로,,,64,봉,5600,358400,63.4,원료창고A,,DUBAI+ITALY라인 투입,
2026-03-05,OUT,MAT-006,다크초콜릿,,,2,백,56250,112500,3.5,원료창고B,,ITALY라인 투입,
2026-03-05,OUT,MAT-007,화이트초콜릿,,,6,백,61250,367500,14.1,원료창고B,,DUBAI+ITALY라인 투입,
2026-03-05,OUT,MAT-008,코코아파우더,,,3,봉,16200,48600,2.4,원료창고A,,DUBAI라인 투입,
2026-03-05,OUT,MAT-009,말차파우더,,,5,파우치,22750,113750,2.3,원료창고A,,DUBAI라인 투입,
2026-03-05,OUT,MAT-010,무염버터,,,2,박스,87300,174600,15.0,냉장창고,,DUBAI+ITALY라인 투입,
2026-03-05,OUT,MAT-011,탈지분유,,,6,봉,8000,48000,5.8,원료창고A,,DUBAI+ITALY라인 투입,
2026-03-05,OUT,MAT-012,포장재,,,2800,장,1500,4200000,2800.0,자재창고,,전체라인 투입,
2026-03-06,IN,MAT-006,다크초콜릿,카카오트레이드,L260306-01,7,백,56250,393750,17.5,원료창고B,PO-2603-028,,2026-03-06
2026-03-06,IN,MAT-008,코코아파우더,티파우더,L260306-02,13,봉,16200,210600,13.0,원료창고A,PO-2603-038,,2026-03-06
2026-03-06,IN,MAT-011,탈지분유,한성식품,L260306-03,27,봉,8000,216000,27.0,원료창고A,PO-2603-052,,2026-03-06
2026-03-06,OUT,MAT-001,카다이프,,,17,팩,62500,1062500,84.1,원료창고A,,DUBAI+ITALY라인 투입,
2026-03-06,OUT,MAT-002,피스타치오페이스트,,,56,통,49000,2744000,55.4,냉장창고,,DUBAI라인 투입,
2026-03-06,OUT,MAT-003,헤이즐넛페이스트,,,49,통,18500,906500,48.8,냉장창고,,ITALY라인 투입,
2026-03-06,OUT,MAT-004,헤이즐넛분태,,,7,봉,15300,107100,6.9,원료창고A,,ITALY라인 투입,
2026-03-06,OUT,MAT-005,마시멜로,,,65,봉,5600,364000,64.3,원료창고A,,DUBAI+ITALY라인 투입,
2026-03-06,OUT,MAT-006,다크초콜릿,,,2,백,56250,112500,3.6,원료창고B,,ITALY라인 투입,
2026-03-06,OUT,MAT-007,화이트초콜릿,,,6,백,61250,367500,13.6,원료창고B,,DUBAI+ITALY라인 투입,
2026-03-06,OUT,MAT-008,코코아파우더,,,3,봉,16200,48600,2.3,원료창고A,,DUBAI라인 투입,
2026-03-06,OUT,MAT-009,말차파우더,,,5,파우치,22750,113750,2.3,원료창고A,,DUBAI라인 투입,
2026-03-06,OUT,MAT-010,무염버터,,,2,박스,87300,174600,14.3,냉장창고,,DUBAI+ITALY라인 투입,
2026-03-06,OUT,MAT-011,탈지분유,,,6,봉,8000,48000,5.7,원료창고A,,DUBAI+ITALY라인 투입,
2026-03-06,OUT,MAT-012,포장재,,,2780,장,1500,4170000,2780.0,자재창고,,전체라인 투입,
2026-03-07 00:00:00,IN,MAT-002,피스타치오페이스트,그린넛코리아,L260307-E02,140,통,49000,6860000,140.0,냉장창고,PO-2603-E02,재고회복-추가발주,2026-03-07
2026-03-07,OUT,MAT-001,카다이프,,,17,팩,62500,1062500,83.3,원료창고A,,DUBAI+ITALY라인 투입,
2026-03-07,OUT,MAT-002,피스타치오페이스트,,,57,통,49000,2793000,56.4,냉장창고,,DUBAI라인 투입,
2026-03-07,OUT,MAT-003,헤이즐넛페이스트,,,49,통,18500,906500,48.9,냉장창고,,ITALY라인 투입,
2026-03-07,OUT,MAT-004,헤이즐넛분태,,,7,봉,15300,107100,7.0,원료창고A,,ITALY라인 투입,
2026-03-07,OUT,MAT-005,마시멜로,,,66,봉,5600,369600,65.3,원료창고A,,DUBAI+ITALY라인 투입,
2026-03-07,OUT,MAT-006,다크초콜릿,,,2,백,56250,112500,3.6,원료창고B,,ITALY라인 투입,
2026-03-07,OUT,MAT-007,화이트초콜릿,,,6,백,61250,367500,14.2,원료창고B,,DUBAI+ITALY라인 투입,
2026-03-07,OUT,MAT-008,코코아파우더,,,3,봉,16200,48600,2.4,원료창고A,,DUBAI라인 투입,
2026-03-07,OUT,MAT-009,말차파우더,,,5,파우치,22750,113750,2.2,원료창고A,,DUBAI라인 투입,
2026-03-07,OUT,MAT-010,무염버터,,,2,박스,87300,174600,14.2,냉장창고,,DUBAI+ITALY라인 투입,
2026-03-07,OUT,MAT-011,탈지분유,,,6,봉,8000,48000,6.0,원료창고A,,DUBAI+ITALY라인 투입,
2026-03-07,OUT,MAT-012,포장재,,,2760,장,1500,4140000,2760.0,자재창고,,전체라인 투입,
2026-03-10,IN,MAT-009,말차파우더,티파우더,L260310-01,24,파우치,22750,546000,12.0,원료창고A,PO-2603-043,,2026-03-10
2026-03-10,IN,MAT-012,포장재,팩앤팩,L260310-02,13750,장,1500,20625000,13750.0,자재창고,PO-2603-057,,2026-03-10
2026-03-10,OUT,MAT-001,카다이프,,,17,팩,62500,1062500,80.4,원료창고A,,DUBAI+ITALY라인 투입,
2026-03-10,OUT,MAT-002,피스타치오페이스트,,,58,통,49000,2842000,57.2,냉장창고,,DUBAI라인 투입,
2026-03-10,OUT,MAT-003,헤이즐넛페이스트,,,48,통,18500,888000,47.6,냉장창고,,ITALY라인 투입,
2026-03-10,OUT,MAT-004,헤이즐넛분태,,,7,봉,15300,107100,6.5,원료창고A,,ITALY라인 투입,
2026-03-10,OUT,MAT-005,마시멜로,,,63,봉,5600,352800,62.9,원료창고A,,DUBAI+ITALY라인 투입,
2026-03-10,OUT,MAT-006,다크초콜릿,,,2,백,56250,112500,3.6,원료창고B,,ITALY라인 투입,
2026-03-10,OUT,MAT-007,화이트초콜릿,,,6,백,61250,367500,13.4,원료창고B,,DUBAI+ITALY라인 투입,
2026-03-10,OUT,MAT-008,코코아파우더,,,3,봉,16200,48600,2.3,원료창고A,,DUBAI라인 투입,
2026-03-10,OUT,MAT-009,말차파우더,,,5,파우치,22750,113750,2.3,원료창고A,,DUBAI라인 투입,
2026-03-10,OUT,MAT-010,무염버터,,,2,박스,87300,174600,14.2,냉장창고,,DUBAI+ITALY라인 투입,
2026-03-10,OUT,MAT-011,탈지분유,,,6,봉,8000,48000,5.8,원료창고A,,DUBAI+ITALY라인 투입,
2026-03-10,OUT,MAT-012,포장재,,,2740,장,1500,4110000,2740.0,자재창고,,전체라인 투입,
2026-03-11,IN,MAT-001,카다이프,중동식품,L260311-01,37,팩,62500,2312500,185.0,원료창고A,PO-2603-003,,2026-03-11
2026-03-11 00:00:00,IN,MAT-002,피스타치오페이스트,그린넛코리아,L260311-E03,120,통,49000,5880000,120.0,냉장창고,PO-2603-E03,재고회복-추가발주,2026-03-11
2026-03-11,IN,MAT-003,헤이즐넛페이스트,유로넛츠,L260311-02,316,통,18500,5846000,316.0,냉장창고,PO-2603-013,,2026-03-11
2026-03-11,IN,MAT-004,헤이즐넛분태,유로넛츠,L260311-03,42,봉,15300,642600,42.0,원료창고A,PO-2603-017,,2026-03-11
2026-03-11,IN,MAT-005,마시멜로,한성식품,L260311-04,145,봉,5600,812000,145.0,원료창고A,PO-2603-023,,2026-03-11
2026-03-11,IN,MAT-008,코코아파우더,티파우더,L260311-05,11,봉,16200,178200,11.0,원료창고A,PO-2603-039,,2026-03-11
2026-03-11,OUT,MAT-001,카다이프,,,17,팩,62500,1062500,82.2,원료창고A,,DUBAI+ITALY라인 투입,
2026-03-11,OUT,MAT-002,피스타치오페이스트,,,57,통,49000,2793000,56.5,냉장창고,,DUBAI라인 투입,
2026-03-11,OUT,MAT-003,헤이즐넛페이스트,,,47,통,18500,869500,47.0,냉장창고,,ITALY라인 투입,
2026-03-11,OUT,MAT-004,헤이즐넛분태,,,7,봉,15300,107100,6.4,원료창고A,,ITALY라인 투입,
2026-03-11,OUT,MAT-005,마시멜로,,,62,봉,5600,347200,61.8,원료창고A,,DUBAI+ITALY라인 투입,
2026-03-11,OUT,MAT-006,다크초콜릿,,,2,백,56250,112500,3.5,원료창고B,,ITALY라인 투입,
2026-03-11,OUT,MAT-007,화이트초콜릿,,,6,백,61250,367500,13.5,원료창고B,,DUBAI+ITALY라인 투입,
2026-03-11,OUT,MAT-008,코코아파우더,,,3,봉,16200,48600,2.3,원료창고A,,DUBAI라인 투입,
2026-03-11,OUT,MAT-009,말차파우더,,,5,파우치,22750,113750,2.3,원료창고A,,DUBAI라인 투입,
2026-03-11,OUT,MAT-010,무염버터,,,2,박스,87300,174600,14.0,냉장창고,,DUBAI+ITALY라인 투입,
2026-03-11,OUT,MAT-011,탈지분유,,,6,봉,8000,48000,5.6,원료창고A,,DUBAI+ITALY라인 투입,
2026-03-11,OUT,MAT-012,포장재,,,2740,장,1500,4110000,2740.0,자재창고,,전체라인 투입,
2026-03-12,IN,MAT-002,피스타치오페이스트,그린넛코리아,L260312-01,264,통,49000,12936000,264.0,냉장창고,PO-2603-010,단가하향안정,2026-03-12
2026-03-12,IN,MAT-005,마시멜로,한성식품,L260312-02,147,봉,5600,823200,147.0,원료창고A,PO-2603-022,,2026-03-12
2026-03-12,IN,MAT-011,탈지분유,한성식품,L260312-03,32,봉,8000,256000,32.0,원료창고A,PO-2603-053,,2026-03-12
2026-03-12,OUT,MAT-001,카다이프,,,17,팩,62500,1062500,82.0,원료창고A,,DUBAI+ITALY라인 투입,
2026-03-12,OUT,MAT-002,피스타치오페이스트,,,56,통,49000,2744000,55.5,냉장창고,,DUBAI라인 투입,
2026-03-12,OUT,MAT-003,헤이즐넛페이스트,,,49,통,18500,906500,48.5,냉장창고,,ITALY라인 투입,
2026-03-12,OUT,MAT-004,헤이즐넛분태,,,7,봉,15300,107100,6.8,원료창고A,,ITALY라인 투입,
2026-03-12,OUT,MAT-005,마시멜로,,,64,봉,5600,358400,64.0,원료창고A,,DUBAI+ITALY라인 투입,
2026-03-12,OUT,MAT-006,다크초콜릿,,,2,백,56250,112500,3.7,원료창고B,,ITALY라인 투입,
2026-03-12,OUT,MAT-007,화이트초콜릿,,,6,백,61250,367500,14.1,원료창고B,,DUBAI+ITALY라인 투입,
2026-03-12,OUT,MAT-008,코코아파우더,,,3,봉,16200,48600,2.3,원료창고A,,DUBAI라인 투입,
2026-03-12,OUT,MAT-009,말차파우더,,,5,파우치,22750,113750,2.3,원료창고A,,DUBAI라인 투입,
2026-03-12,OUT,MAT-010,무염버터,,,2,박스,87300,174600,14.3,냉장창고,,DUBAI+ITALY라인 투입,
2026-03-12,OUT,MAT-011,탈지분유,,,6,봉,8000,48000,5.7,원료창고A,,DUBAI+ITALY라인 투입,
2026-03-12,OUT,MAT-012,포장재,,,2780,장,1500,4170000,2780.0,자재창고,,전체라인 투입,
2026-03-13,IN,MAT-001,카다이프,중동식품,L260313-01,39,팩,62500,2437500,195.0,원료창고A,PO-2603-004,,2026-03-13
2026-03-13,IN,MAT-006,다크초콜릿,카카오트레이드,L260313-02,8,백,56250,450000,20.0,원료창고B,PO-2603-029,,2026-03-13
2026-03-13,IN,MAT-007,화이트초콜릿,카카오트레이드,L260313-03,26,백,61250,1592500,65.0,원료창고B,PO-2603-034,,2026-03-13
2026-03-13,IN,MAT-010,무염버터,한성식품,L260313-04,9,박스,87300,785700,81.0,냉장창고,PO-2603-048,,2026-03-13
2026-03-13,OUT,MAT-001,카다이프,,,17,팩,62500,1062500,80.5,원료창고A,,DUBAI+ITALY라인 투입,
2026-03-13,OUT,MAT-002,피스타치오페이스트,,,56,통,49000,2744000,56.0,냉장창고,,DUBAI라인 투입,
2026-03-13,OUT,MAT-003,헤이즐넛페이스트,,,51,통,18500,943500,50.1,냉장창고,,ITALY라인 투입,
2026-03-13,OUT,MAT-004,헤이즐넛분태,,,7,봉,15300,107100,6.9,원료창고A,,ITALY라인 투입,
2026-03-13,OUT,MAT-005,마시멜로,,,63,봉,5600,352800,62.4,원료창고A,,DUBAI+ITALY라인 투입,
2026-03-13,OUT,MAT-006,다크초콜릿,,,2,백,56250,112500,3.7,원료창고B,,ITALY라인 투입,
2026-03-13,OUT,MAT-007,화이트초콜릿,,,6,백,61250,367500,13.7,원료창고B,,DUBAI+ITALY라인 투입,
2026-03-13,OUT,MAT-008,코코아파우더,,,3,봉,16200,48600,2.2,원료창고A,,DUBAI라인 투입,
2026-03-13,OUT,MAT-009,말차파우더,,,5,파우치,22750,113750,2.2,원료창고A,,DUBAI라인 투입,
2026-03-13,OUT,MAT-010,무염버터,,,2,박스,87300,174600,14.7,냉장창고,,DUBAI+ITALY라인 투입,
2026-03-13,OUT,MAT-011,탈지분유,,,6,봉,8000,48000,5.9,원료창고A,,DUBAI+ITALY라인 투입,
2026-03-13,OUT,MAT-012,포장재,,,2760,장,1500,4140000,2760.0,자재창고,,전체라인 투입,
2026-03-14 00:00:00,IN,MAT-002,피스타치오페이스트,그린넛코리아,L260314-E04,110,통,49000,5390000,110.0,냉장창고,PO-2603-E04,재고회복-추가발주,2026-03-14
2026-03-14,OUT,MAT-001,카다이프,,,17,팩,62500,1062500,81.2,원료창고A,,DUBAI+ITALY라인 투입,
2026-03-14,OUT,MAT-002,피스타치오페이스트,,,55,통,49000,2695000,54.8,냉장창고,,DUBAI라인 투입,
2026-03-14,OUT,MAT-003,헤이즐넛페이스트,,,50,통,18500,925000,49.5,냉장창고,,ITALY라인 투입,
2026-03-14,OUT,MAT-004,헤이즐넛분태,,,7,봉,15300,107100,6.6,원료창고A,,ITALY라인 투입,
2026-03-14,OUT,MAT-005,마시멜로,,,66,봉,5600,369600,65.4,원료창고A,,DUBAI+ITALY라인 투입,
2026-03-14,OUT,MAT-006,다크초콜릿,,,2,백,56250,112500,3.5,원료창고B,,ITALY라인 투입,
2026-03-14,OUT,MAT-007,화이트초콜릿,,,6,백,61250,367500,13.8,원료창고B,,DUBAI+ITALY라인 투입,
2026-03-14,OUT,MAT-008,코코아파우더,,,3,봉,16200,48600,2.3,원료창고A,,DUBAI라인 투입,
2026-03-14,OUT,MAT-009,말차파우더,,,5,파우치,22750,113750,2.4,원료창고A,,DUBAI라인 투입,
2026-03-14,OUT,MAT-010,무염버터,,,2,박스,87300,174600,14.6,냉장창고,,DUBAI+ITALY라인 투입,
2026-03-14,OUT,MAT-011,탈지분유,,,6,봉,8000,48000,5.8,원료창고A,,DUBAI+ITALY라인 투입,
2026-03-14,OUT,MAT-012,포장재,,,2760,장,1500,4140000,2760.0,자재창고,,전체라인 투입,
2026-03-17,IN,MAT-003,헤이즐넛페이스트,유로넛츠,L260317-01,318,통,18500,5883000,318.0,냉장창고,PO-2603-014,,2026-03-17
2026-03-17,IN,MAT-004,헤이즐넛분태,유로넛츠,L260317-02,38,봉,15300,581400,38.0,원료창고A,PO-2603-018,,2026-03-17
2026-03-17,IN,MAT-005,마시멜로,한성식품,L260317-03,178,봉,5600,996800,178.0,원료창고A,PO-2603-025,,2026-03-17
2026-03-17,IN,MAT-007,화이트초콜릿,카카오트레이드,L260317-04,28,백,61250,1715000,70.0,원료창고B,PO-2603-035,,2026-03-17
2026-03-17,IN,MAT-008,코코아파우더,티파우더,L260317-05,12,봉,16200,194400,12.0,원료창고A,PO-2603-040,,2026-03-17
2026-03-17,IN,MAT-011,탈지분유,한성식품,L260317-06,27,봉,8000,216000,27.0,원료창고A,PO-2603-054,,2026-03-17
2026-03-17,OUT,MAT-001,카다이프,,,17,팩,62500,1062500,80.6,원료창고A,,DUBAI+ITALY라인 투입,
2026-03-17,OUT,MAT-002,피스타치오페이스트,,,56,통,49000,2744000,55.2,냉장창고,,DUBAI라인 투입,
2026-03-17,OUT,MAT-003,헤이즐넛페이스트,,,49,통,18500,906500,48.6,냉장창고,,ITALY라인 투입,
2026-03-17,OUT,MAT-004,헤이즐넛분태,,,7,봉,15300,107100,6.7,원료창고A,,ITALY라인 투입,
2026-03-17,OUT,MAT-005,마시멜로,,,62,봉,5600,347200,61.5,원료창고A,,DUBAI+ITALY라인 투입,
2026-03-17,OUT,MAT-006,다크초콜릿,,,2,백,56250,112500,3.5,원료창고B,,ITALY라인 투입,
2026-03-17,OUT,MAT-007,화이트초콜릿,,,6,백,61250,367500,13.4,원료창고B,,DUBAI+ITALY라인 투입,
2026-03-17,OUT,MAT-008,코코아파우더,,,3,봉,16200,48600,2.3,원료창고A,,DUBAI라인 투입,
2026-03-17,OUT,MAT-009,말차파우더,,,5,파우치,22750,113750,2.2,원료창고A,,DUBAI라인 투입,
2026-03-17,OUT,MAT-010,무염버터,,,2,박스,87300,174600,14.7,냉장창고,,DUBAI+ITALY라인 투입,
2026-03-17,OUT,MAT-011,탈지분유,,,6,봉,8000,48000,5.9,원료창고A,,DUBAI+ITALY라인 투입,
2026-03-17,OUT,MAT-012,포장재,,,2740,장,1500,4110000,2740.0,자재창고,,전체라인 투입,
2026-03-18 00:00:00,IN,MAT-002,피스타치오페이스트,그린넛코리아,L260318-E05,100,통,49000,4900000,100.0,냉장창고,PO-2603-E05,재고회복-추가발주,2026-03-18
2026-03-18,OUT,MAT-001,카다이프,,,17,팩,62500,1062500,83.6,원료창고A,,DUBAI+ITALY라인 투입,
2026-03-18,OUT,MAT-002,피스타치오페이스트,,,57,통,49000,2793000,57.0,냉장창고,,DUBAI라인 투입,
2026-03-18,OUT,MAT-003,헤이즐넛페이스트,,,50,통,18500,925000,49.2,냉장창고,,ITALY라인 투입,
2026-03-18,OUT,MAT-004,헤이즐넛분태,,,7,봉,15300,107100,7.0,원료창고A,,ITALY라인 투입,
2026-03-18,OUT,MAT-005,마시멜로,,,67,봉,5600,375200,67.0,원료창고A,,DUBAI+ITALY라인 투입,
2026-03-18,OUT,MAT-006,다크초콜릿,,,2,백,56250,112500,3.7,원료창고B,,ITALY라인 투입,
2026-03-18,OUT,MAT-007,화이트초콜릿,,,6,백,61250,367500,13.9,원료창고B,,DUBAI+ITALY라인 투입,
2026-03-18,OUT,MAT-008,코코아파우더,,,3,봉,16200,48600,2.3,원료창고A,,DUBAI라인 투입,
2026-03-18,OUT,MAT-009,말차파우더,,,5,파우치,22750,113750,2.3,원료창고A,,DUBAI라인 투입,
2026-03-18,OUT,MAT-010,무염버터,,,2,박스,87300,174600,14.8,냉장창고,,DUBAI+ITALY라인 투입,
2026-03-18,OUT,MAT-011,탈지분유,,,6,봉,8000,48000,6.0,원료창고A,,DUBAI+ITALY라인 투입,
2026-03-18,OUT,MAT-012,포장재,,,2820,장,1500,4230000,2820.0,자재창고,,전체라인 투입,
2026-03-19,IN,MAT-001,카다이프,중동식품,L260319-01,46,팩,62500,2875000,230.0,원료창고A,PO-2603-005,,2026-03-19
2026-03-19,IN,MAT-001,카다이프,중동식품,L260319-02,42,팩,62500,2625000,210.0,원료창고A,PO-2603-006,,2026-03-19
2026-03-19,IN,MAT-006,다크초콜릿,카카오트레이드,L260319-03,8,백,56250,450000,20.0,원료창고B,PO-2603-030,,2026-03-19
2026-03-19,IN,MAT-010,무염버터,한성식품,L260319-04,8,박스,87300,698400,72.0,냉장창고,PO-2603-049,,2026-03-19
2026-03-19,OUT,MAT-001,카다이프,,,17,팩,62500,1062500,82.5,원료창고A,,DUBAI+ITALY라인 투입,
2026-03-19,OUT,MAT-002,피스타치오페이스트,,,56,통,49000,2744000,55.5,냉장창고,,DUBAI라인 투입,
2026-03-19,OUT,MAT-003,헤이즐넛페이스트,,,50,통,18500,925000,49.3,냉장창고,,ITALY라인 투입,
2026-03-19,OUT,MAT-004,헤이즐넛분태,,,7,봉,15300,107100,6.6,원료창고A,,ITALY라인 투입,
2026-03-19,OUT,MAT-005,마시멜로,,,64,봉,5600,358400,64.0,원료창고A,,DUBAI+ITALY라인 투입,
2026-03-19,OUT,MAT-006,다크초콜릿,,,2,백,56250,112500,3.7,원료창고B,,ITALY라인 투입,
2026-03-19,OUT,MAT-007,화이트초콜릿,,,6,백,61250,367500,13.5,원료창고B,,DUBAI+ITALY라인 투입,
2026-03-19,OUT,MAT-008,코코아파우더,,,3,봉,16200,48600,2.3,원료창고A,,DUBAI라인 투입,
2026-03-19,OUT,MAT-009,말차파우더,,,5,파우치,22750,113750,2.3,원료창고A,,DUBAI라인 투입,
2026-03-19,OUT,MAT-010,무염버터,,,2,박스,87300,174600,14.4,냉장창고,,DUBAI+ITALY라인 투입,
2026-03-19,OUT,MAT-011,탈지분유,,,6,봉,8000,48000,5.7,원료창고A,,DUBAI+ITALY라인 투입,
2026-03-19,OUT,MAT-012,포장재,,,2760,장,1500,4140000,2760.0,자재창고,,전체라인 투입,
2026-03-20,IN,MAT-005,마시멜로,한성식품,L260320-01,170,봉,5600,952000,170.0,원료창고A,PO-2603-024,,2026-03-20
2026-03-20,IN,MAT-009,말차파우더,티파우더,L260320-02,24,파우치,22750,546000,12.0,원료창고A,PO-2603-044,,2026-03-20
2026-03-20,IN,MAT-012,포장재,팩앤팩,L260320-03,14750,장,1500,22125000,14750.0,자재창고,PO-2603-058,,2026-03-20
2026-03-20,OUT,MAT-001,카다이프,,,17,팩,62500,1062500,81.2,원료창고A,,DUBAI+ITALY라인 투입,
2026-03-20,OUT,MAT-002,피스타치오페이스트,,,56,통,49000,2744000,55.6,냉장창고,,DUBAI라인 투입,
2026-03-20,OUT,MAT-003,헤이즐넛페이스트,,,50,통,18500,925000,49.1,냉장창고,,ITALY라인 투입,
2026-03-20,OUT,MAT-004,헤이즐넛분태,,,7,봉,15300,107100,7.0,원료창고A,,ITALY라인 투입,
2026-03-20,OUT,MAT-005,마시멜로,,,65,봉,5600,364000,64.6,원료창고A,,DUBAI+ITALY라인 투입,
2026-03-20,OUT,MAT-006,다크초콜릿,,,2,백,56250,112500,3.7,원료창고B,,ITALY라인 투입,
2026-03-20,OUT,MAT-007,화이트초콜릿,,,6,백,61250,367500,13.7,원료창고B,,DUBAI+ITALY라인 투입,
2026-03-20,OUT,MAT-008,코코아파우더,,,3,봉,16200,48600,2.4,원료창고A,,DUBAI라인 투입,
2026-03-20,OUT,MAT-009,말차파우더,,,5,파우치,22750,113750,2.3,원료창고A,,DUBAI라인 투입,
2026-03-20,OUT,MAT-010,무염버터,,,2,박스,87300,174600,14.5,냉장창고,,DUBAI+ITALY라인 투입,
2026-03-20,OUT,MAT-011,탈지분유,,,6,봉,8000,48000,5.8,원료창고A,,DUBAI+ITALY라인 투입,
2026-03-20,OUT,MAT-012,포장재,,,2760,장,1500,4140000,2760.0,자재창고,,전체라인 투입,
2026-03-21 00:00:00,IN,MAT-002,피스타치오페이스트,그린넛코리아,L260321-E06,95,통,49000,4655000,95.0,냉장창고,PO-2603-E06,재고회복-추가발주,2026-03-21
2026-03-21,OUT,MAT-001,카다이프,,,17,팩,62500,1062500,81.6,원료창고A,,DUBAI+ITALY라인 투입,
2026-03-21,OUT,MAT-002,피스타치오페이스트,,,55,통,49000,2695000,54.3,냉장창고,,DUBAI라인 투입,
2026-03-21,OUT,MAT-003,헤이즐넛페이스트,,,48,통,18500,888000,47.7,냉장창고,,ITALY라인 투입,
2026-03-21,OUT,MAT-004,헤이즐넛분태,,,7,봉,15300,107100,6.6,원료창고A,,ITALY라인 투입,
2026-03-21,OUT,MAT-005,마시멜로,,,63,봉,5600,352800,63.0,원료창고A,,DUBAI+ITALY라인 투입,
2026-03-21,OUT,MAT-006,다크초콜릿,,,2,백,56250,112500,3.6,원료창고B,,ITALY라인 투입,
2026-03-21,OUT,MAT-007,화이트초콜릿,,,6,백,61250,367500,13.6,원료창고B,,DUBAI+ITALY라인 투입,
2026-03-21,OUT,MAT-008,코코아파우더,,,3,봉,16200,48600,2.3,원료창고A,,DUBAI라인 투입,
2026-03-21,OUT,MAT-009,말차파우더,,,5,파우치,22750,113750,2.2,원료창고A,,DUBAI라인 투입,
2026-03-21,OUT,MAT-010,무염버터,,,2,박스,87300,174600,14.2,냉장창고,,DUBAI+ITALY라인 투입,
2026-03-21,OUT,MAT-011,탈지분유,,,6,봉,8000,48000,5.8,원료창고A,,DUBAI+ITALY라인 투입,
2026-03-21,OUT,MAT-012,포장재,,,2700,장,1500,4050000,2700.0,자재창고,,전체라인 투입,
2026-03-24,IN,MAT-001,카다이프,중동식품,L260324-01,39,팩,62500,2437500,195.0,원료창고A,PO-2603-007,,2026-03-24
2026-03-24,IN,MAT-007,화이트초콜릿,카카오트레이드,L260324-02,32,백,61250,1960000,80.0,원료창고B,PO-2603-036,,2026-03-24
2026-03-24,OUT,MAT-001,카다이프,,,16,팩,62500,1000000,79.5,원료창고A,,DUBAI+ITALY라인 투입,
2026-03-24,OUT,MAT-002,피스타치오페이스트,,,56,통,49000,2744000,55.3,냉장창고,,DUBAI라인 투입,
2026-03-24,OUT,MAT-003,헤이즐넛페이스트,,,49,통,18500,906500,48.9,냉장창고,,ITALY라인 투입,
2026-03-24,OUT,MAT-004,헤이즐넛분태,,,7,봉,15300,107100,6.8,원료창고A,,ITALY라인 투입,
2026-03-24,OUT,MAT-005,마시멜로,,,65,봉,5600,364000,64.3,원료창고A,,DUBAI+ITALY라인 투입,
2026-03-24,OUT,MAT-006,다크초콜릿,,,2,백,56250,112500,3.6,원료창고B,,ITALY라인 투입,
2026-03-24,OUT,MAT-007,화이트초콜릿,,,6,백,61250,367500,13.9,원료창고B,,DUBAI+ITALY라인 투입,
2026-03-24,OUT,MAT-008,코코아파우더,,,3,봉,16200,48600,2.3,원료창고A,,DUBAI라인 투입,
2026-03-24,OUT,MAT-009,말차파우더,,,5,파우치,22750,113750,2.3,원료창고A,,DUBAI라인 투입,
2026-03-24,OUT,MAT-010,무염버터,,,2,박스,87300,174600,14.4,냉장창고,,DUBAI+ITALY라인 투입,
2026-03-24,OUT,MAT-011,탈지분유,,,6,봉,8000,48000,5.9,원료창고A,,DUBAI+ITALY라인 투입,
2026-03-24,OUT,MAT-012,포장재,,,2740,장,1500,4110000,2740.0,자재창고,,전체라인 투입,
2026-03-25,IN,MAT-002,피스타치오페이스트,그린넛코리아,L260325-01,258,통,49000,12642000,258.0,냉장창고,PO-2603-011,단가하향안정,2026-03-25
2026-03-25 00:00:00,IN,MAT-002,피스타치오페이스트,그린넛코리아,L260325-E07,90,통,49000,4410000,90.0,냉장창고,PO-2603-E07,재고회복-추가발주,2026-03-25
2026-03-25,IN,MAT-005,마시멜로,한성식품,L260325-02,176,봉,5600,985600,176.0,원료창고A,PO-2603-026,,2026-03-25
2026-03-25,IN,MAT-005,마시멜로,한성식품,L260325-03,163,봉,5600,912800,163.0,원료창고A,PO-2603-027,,2026-03-25
2026-03-25,IN,MAT-008,코코아파우더,티파우더,L260325-04,11,봉,16200,178200,11.0,원료창고A,PO-2603-041,,2026-03-25
2026-03-25,IN,MAT-010,무염버터,한성식품,L260325-05,9,박스,87300,785700,81.0,냉장창고,PO-2603-050,,2026-03-25
2026-03-25,IN,MAT-011,탈지분유,한성식품,L260325-06,29,봉,8000,232000,29.0,원료창고A,PO-2603-055,,2026-03-25
2026-03-25,IN,MAT-012,포장재,팩앤팩,L260325-07,14500,장,1500,21750000,14500.0,자재창고,PO-2603-059,,2026-03-25
2026-03-25,OUT,MAT-001,카다이프,,,17,팩,62500,1062500,82.2,원료창고A,,DUBAI+ITALY라인 투입,
2026-03-25,OUT,MAT-002,피스타치오페이스트,,,56,통,49000,2744000,56.0,냉장창고,,DUBAI라인 투입,
2026-03-25,OUT,MAT-003,헤이즐넛페이스트,,,48,통,18500,888000,47.8,냉장창고,,ITALY라인 투입,
2026-03-25,OUT,MAT-004,헤이즐넛분태,,,7,봉,15300,107100,6.6,원료창고A,,ITALY라인 투입,
2026-03-25,OUT,MAT-005,마시멜로,,,66,봉,5600,369600,65.3,원료창고A,,DUBAI+ITALY라인 투입,
2026-03-25,OUT,MAT-006,다크초콜릿,,,2,백,56250,112500,3.5,원료창고B,,ITALY라인 투입,
2026-03-25,OUT,MAT-007,화이트초콜릿,,,6,백,61250,367500,13.7,원료창고B,,DUBAI+ITALY라인 투입,
2026-03-25,OUT,MAT-008,코코아파우더,,,3,봉,16200,48600,2.4,원료창고A,,DUBAI라인 투입,
2026-03-25,OUT,MAT-009,말차파우더,,,5,파우치,22750,113750,2.3,원료창고A,,DUBAI라인 투입,
2026-03-25,OUT,MAT-010,무염버터,,,2,박스,87300,174600,14.1,냉장창고,,DUBAI+ITALY라인 투입,
2026-03-25,OUT,MAT-011,탈지분유,,,6,봉,8000,48000,6.0,원료창고A,,DUBAI+ITALY라인 투입,
2026-03-25,OUT,MAT-012,포장재,,,2760,장,1500,4140000,2760.0,자재창고,,전체라인 투입,
2026-03-26,IN,MAT-001,카다이프,중동식품,L260326-01,44,팩,62500,2750000,220.0,원료창고A,PO-2603-008,,2026-03-26
2026-03-26,IN,MAT-004,헤이즐넛분태,유로넛츠,L260326-02,38,봉,15300,581400,38.0,원료창고A,PO-2603-019,,2026-03-26
2026-03-26,IN,MAT-006,다크초콜릿,카카오트레이드,L260326-03,7,백,56250,393750,17.5,원료창고B,PO-2603-031,,2026-03-26
2026-03-26,IN,MAT-009,말차파우더,티파우더,L260326-04,24,파우치,22750,546000,12.0,원료창고A,PO-2603-045,,2026-03-26
2026-03-26,OUT,MAT-001,카다이프,,,16,팩,62500,1000000,79.7,원료창고A,,DUBAI+ITALY라인 투입,
2026-03-26,OUT,MAT-002,피스타치오페이스트,,,58,통,49000,2842000,57.4,냉장창고,,DUBAI라인 투입,
2026-03-26,OUT,MAT-003,헤이즐넛페이스트,,,50,통,18500,925000,49.6,냉장창고,,ITALY라인 투입,
2026-03-26,OUT,MAT-004,헤이즐넛분태,,,7,봉,15300,107100,6.9,원료창고A,,ITALY라인 투입,
2026-03-26,OUT,MAT-005,마시멜로,,,64,봉,5600,358400,63.1,원료창고A,,DUBAI+ITALY라인 투입,
2026-03-26,OUT,MAT-006,다크초콜릿,,,2,백,56250,112500,3.7,원료창고B,,ITALY라인 투입,
2026-03-26,OUT,MAT-007,화이트초콜릿,,,6,백,61250,367500,13.7,원료창고B,,DUBAI+ITALY라인 투입,
2026-03-26,OUT,MAT-008,코코아파우더,,,3,봉,16200,48600,2.3,원료창고A,,DUBAI라인 투입,
2026-03-26,OUT,MAT-009,말차파우더,,,5,파우치,22750,113750,2.3,원료창고A,,DUBAI라인 투입,
2026-03-26,OUT,MAT-010,무염버터,,,2,박스,87300,174600,14.3,냉장창고,,DUBAI+ITALY라인 투입,
2026-03-26,OUT,MAT-011,탈지분유,,,6,봉,8000,48000,5.9,원료창고A,,DUBAI+ITALY라인 투입,
2026-03-26,OUT,MAT-012,포장재,,,2780,장,1500,4170000,2780.0,자재창고,,전체라인 투입,
2026-03-27,IN,MAT-003,헤이즐넛페이스트,유로넛츠,L260327-01,311,통,18500,5753500,311.0,냉장창고,PO-2603-015,,2026-03-27
2026-03-27,OUT,MAT-001,카다이프,,,17,팩,62500,1062500,80.5,원료창고A,,DUBAI+ITALY라인 투입,
2026-03-27,OUT,MAT-002,피스타치오페이스트,,,55,통,49000,2695000,54.4,냉장창고,,DUBAI라인 투입,
2026-03-27,OUT,MAT-003,헤이즐넛페이스트,,,51,통,18500,943500,50.3,냉장창고,,ITALY라인 투입,
2026-03-27,OUT,MAT-004,헤이즐넛분태,,,7,봉,15300,107100,6.7,원료창고A,,ITALY라인 투입,
2026-03-27,OUT,MAT-005,마시멜로,,,64,봉,5600,358400,63.2,원료창고A,,DUBAI+ITALY라인 투입,
2026-03-27,OUT,MAT-006,다크초콜릿,,,2,백,56250,112500,3.6,원료창고B,,ITALY라인 투입,
2026-03-27,OUT,MAT-007,화이트초콜릿,,,6,백,61250,367500,13.7,원료창고B,,DUBAI+ITALY라인 투입,
2026-03-27,OUT,MAT-008,코코아파우더,,,3,봉,16200,48600,2.4,원료창고A,,DUBAI라인 투입,
2026-03-27,OUT,MAT-009,말차파우더,,,5,파우치,22750,113750,2.3,원료창고A,,DUBAI라인 투입,
2026-03-27,OUT,MAT-010,무염버터,,,2,박스,87300,174600,14.3,냉장창고,,DUBAI+ITALY라인 투입,
2026-03-27,OUT,MAT-011,탈지분유,,,6,봉,8000,48000,6.0,원료창고A,,DUBAI+ITALY라인 투입,
2026-03-27,OUT,MAT-012,포장재,,,2780,장,1500,4170000,2780.0,자재창고,,전체라인 투입,
2026-03-28,OUT,MAT-001,카다이프,,,17,팩,62500,1062500,84.7,원료창고A,,DUBAI+ITALY라인 투입,
2026-03-28,OUT,MAT-002,피스타치오페이스트,,,56,통,49000,2744000,55.5,냉장창고,,DUBAI라인 투입,
2026-03-28,OUT,MAT-003,헤이즐넛페이스트,,,50,통,18500,925000,49.6,냉장창고,,ITALY라인 투입,
2026-03-28,OUT,MAT-004,헤이즐넛분태,,,7,봉,15300,107100,7.0,원료창고A,,ITALY라인 투입,
2026-03-28,OUT,MAT-005,마시멜로,,,65,봉,5600,364000,64.6,원료창고A,,DUBAI+ITALY라인 투입,
2026-03-28,OUT,MAT-006,다크초콜릿,,,2,백,56250,112500,3.6,원료창고B,,ITALY라인 투입,
2026-03-28,OUT,MAT-007,화이트초콜릿,,,6,백,61250,367500,14.3,원료창고B,,DUBAI+ITALY라인 투입,
2026-03-28,OUT,MAT-008,코코아파우더,,,3,봉,16200,48600,2.3,원료창고A,,DUBAI라인 투입,
2026-03-28,OUT,MAT-009,말차파우더,,,5,파우치,22750,113750,2.4,원료창고A,,DUBAI라인 투입,
2026-03-28,OUT,MAT-010,무염버터,,,2,박스,87300,174600,14.3,냉장창고,,DUBAI+ITALY라인 투입,
2026-03-28,OUT,MAT-011,탈지분유,,,6,봉,8000,48000,6.0,원료창고A,,DUBAI+ITALY라인 투입,
2026-03-28,OUT,MAT-012,포장재,,,2800,장,1500,4200000,2800.0,자재창고,,전체라인 투입,
2026-03-31,IN,MAT-001,카다이프,중동식품,L260331-01,17,팩,62500,1062500,85.0,원료창고A,PO-2603-009,,2026-03-31
2026-03-31,IN,MAT-006,다크초콜릿,카카오트레이드,L260331-02,2,백,56250,112500,5.0,원료창고B,PO-2603-032,,2026-03-31
2026-03-31,IN,MAT-007,화이트초콜릿,카카오트레이드,L260331-03,6,백,61250,367500,15.0,원료창고B,PO-2603-037,,2026-03-31
2026-03-31,IN,MAT-009,말차파우더,티파우더,L260331-04,4,파우치,22750,91000,2.0,원료창고A,PO-2603-046,,2026-03-31
2026-03-31,IN,MAT-010,무염버터,한성식품,L260331-05,2,박스,87300,174600,18.0,냉장창고,PO-2603-051,,2026-03-31
2026-03-31,OUT,MAT-001,카다이프,,,17,팩,62500,1062500,81.9,원료창고A,,DUBAI+ITALY라인 투입,
2026-03-31,OUT,MAT-002,피스타치오페이스트,,,55,통,49000,2695000,54.3,냉장창고,,DUBAI라인 투입,
2026-03-31,OUT,MAT-003,헤이즐넛페이스트,,,50,통,18500,925000,49.8,냉장창고,,ITALY라인 투입,
2026-03-31,OUT,MAT-004,헤이즐넛분태,,,7,봉,15300,107100,7.0,원료창고A,,ITALY라인 투입,
2026-03-31,OUT,MAT-005,마시멜로,,,62,봉,5600,347200,62.0,원료창고A,,DUBAI+ITALY라인 투입,
2026-03-31,OUT,MAT-006,다크초콜릿,,,2,백,56250,112500,3.7,원료창고B,,ITALY라인 투입,
2026-03-31,OUT,MAT-007,화이트초콜릿,,,6,백,61250,367500,13.7,원료창고B,,DUBAI+ITALY라인 투입,
2026-03-31,OUT,MAT-008,코코아파우더,,,3,봉,16200,48600,2.4,원료창고A,,DUBAI라인 투입,
2026-03-31,OUT,MAT-009,말차파우더,,,5,파우치,22750,113750,2.3,원료창고A,,DUBAI라인 투입,
2026-03-31,OUT,MAT-010,무염버터,,,2,박스,87300,174600,14.1,냉장창고,,DUBAI+ITALY라인 투입,
2026-03-31,OUT,MAT-011,탈지분유,,,6,봉,8000,48000,5.9,원료창고A,,DUBAI+ITALY라인 투입,
2026-03-31,OUT,MAT-012,포장재,,,2760,장,1500,4140000,2760.0,자재창고,,전체라인 투입,
