생산일자,라인,제품코드,제품명,계획수량,생산수량,양품수량,불량수량,달성률,원재료투입량_kg,작업시간,근무조,비고
2026-01-02,DUBAI,DCK-C,두바이코코아,1080,1043,1026,17,96.6,113.2,9.6,A조,
2026-01-02,DUBAI,DCK-M,두바이말차,720,695,682,13,96.5,80.6,8.6,B조,
2026-01-02,ITALY,ICK-O,이태리오리지널,660,637,629,8,96.5,72.3,7.3,A조,
2026-01-02,ITALY,ICK-D,이태리다크,540,524,518,6,97.0,61.0,7.8,B조,
2026-01-03,DUBAI,DCK-C,두바이코코아,1100,1069,1045,24,97.2,114.5,9.7,A조,
2026-01-03,DUBAI,DCK-M,두바이말차,700,691,678,13,98.7,77.6,8.7,B조,
2026-01-03,ITALY,ICK-O,이태리오리지널,660,648,641,7,98.2,71.8,8.1,A조,
2026-01-03,ITALY,ICK-D,이태리다크,540,521,514,7,96.5,61.2,8.0,B조,
2026-01-06,DUBAI,DCK-C,두바이코코아,1080,1015,997,18,94.0,112.2,9.7,A조,
2026-01-06,DUBAI,DCK-M,두바이말차,720,690,677,13,95.8,79.9,9.4,B조,
2026-01-06,ITALY,ICK-O,이태리오리지널,660,638,630,8,96.7,71.5,7.4,A조,
2026-01-06,ITALY,ICK-D,이태리다크,540,520,514,6,96.3,58.7,7.6,B조,
2026-01-07,DUBAI,DCK-C,두바이코코아,1060,1016,998,18,95.8,110.2,8.9,A조,
2026-01-07,DUBAI,DCK-M,두바이말차,740,708,693,15,95.7,81.0,9.4,B조,
2026-01-07,ITALY,ICK-O,이태리오리지널,660,646,638,8,97.9,72.8,8.2,A조,
2026-01-07,ITALY,ICK-D,이태리다크,540,534,526,8,98.9,61.9,7.9,B조,
2026-01-08,DUBAI,DCK-C,두바이코코아,1060,1041,1024,17,98.2,111.7,9.0,A조,
2026-01-08,DUBAI,DCK-M,두바이말차,740,700,690,10,94.6,78.1,9.9,B조,
2026-01-08,ITALY,ICK-O,이태리오리지널,660,645,634,11,97.7,72.7,8.1,A조,
2026-01-08,ITALY,ICK-D,이태리다크,540,518,511,7,95.9,59.0,7.5,B조,
2026-01-09,DUBAI,DCK-C,두바이코코아,1060,1015,995,20,95.8,114.4,9.1,A조,
2026-01-09,DUBAI,DCK-M,두바이말차,740,713,703,10,96.4,83.2,9.3,B조,
2026-01-09,ITALY,ICK-O,이태리오리지널,660,641,634,7,97.1,73.2,8.0,A조,
2026-01-09,ITALY,ICK-D,이태리다크,540,524,518,6,97.0,59.0,7.6,B조,
2026-01-10,DUBAI,DCK-C,두바이코코아,1040,1026,1001,25,98.7,115.4,8.5,A조,
2026-01-10,DUBAI,DCK-M,두바이말차,760,735,721,14,96.7,84.2,9.3,B조,
2026-01-10,ITALY,ICK-O,이태리오리지널,660,637,630,7,96.5,72.0,7.7,A조,
2026-01-10,ITALY,ICK-D,이태리다크,540,534,525,9,98.9,63.0,7.5,B조,
2026-01-13,DUBAI,DCK-C,두바이코코아,1080,1035,1010,25,95.8,116.5,8.9,A조,
2026-01-13,DUBAI,DCK-M,두바이말차,720,697,684,13,96.8,79.5,8.7,B조,
2026-01-13,ITALY,ICK-O,이태리오리지널,660,640,629,11,97.0,72.7,7.3,A조,
2026-01-13,ITALY,ICK-D,이태리다크,540,513,507,6,95.0,57.6,8.1,B조,
2026-01-14,DUBAI,DCK-C,두바이코코아,1080,1068,1050,18,98.9,114.8,9.8,A조,
2026-01-14,DUBAI,DCK-M,두바이말차,720,683,668,15,94.9,75.6,9.2,B조,
2026-01-14,ITALY,ICK-O,이태리오리지널,660,654,643,11,99.1,72.6,7.7,A조,
2026-01-14,ITALY,ICK-D,이태리다크,540,528,521,7,97.8,60.2,8.1,B조,
2026-01-15,DUBAI,DCK-C,두바이코코아,1060,1016,996,20,95.8,113.5,8.8,A조,
2026-01-15,DUBAI,DCK-M,두바이말차,740,720,709,11,97.3,84.0,9.5,B조,
2026-01-15,ITALY,ICK-O,이태리오리지널,660,628,621,7,95.2,70.1,7.6,A조,
2026-01-15,ITALY,ICK-D,이태리다크,540,526,519,7,97.4,59.8,7.5,B조,
2026-01-16,DUBAI,DCK-C,두바이코코아,1100,1086,1069,17,98.7,122.5,9.8,A조,
2026-01-16,DUBAI,DCK-M,두바이말차,700,684,675,9,97.7,76.4,9.5,B조,
2026-01-16,ITALY,ICK-O,이태리오리지널,660,640,628,12,97.0,72.9,7.7,A조,
2026-01-16,ITALY,ICK-D,이태리다크,540,527,519,8,97.6,61.9,7.5,B조,
2026-01-17,DUBAI,DCK-C,두바이코코아,1100,1079,1059,20,98.1,118.7,9.6,A조,
2026-01-17,DUBAI,DCK-M,두바이말차,700,684,671,13,97.7,79.7,8.6,B조,
2026-01-17,ITALY,ICK-O,이태리오리지널,660,632,620,12,95.8,70.6,7.5,A조,
2026-01-17,ITALY,ICK-D,이태리다크,540,527,520,7,97.6,60.6,7.6,B조,
2026-01-20,DUBAI,DCK-C,두바이코코아,1080,1045,1026,19,96.8,117.6,9.3,A조,
2026-01-20,DUBAI,DCK-M,두바이말차,720,721,712,9,100.1,84.1,9.8,B조,
2026-01-20,ITALY,ICK-O,이태리오리지널,660,661,649,12,100.2,73.5,7.7,A조,
2026-01-20,ITALY,ICK-D,이태리다크,540,519,513,6,96.1,59.6,7.4,B조,
2026-01-21,DUBAI,DCK-C,두바이코코아,1080,1015,998,17,94.0,113.7,9.2,A조,
2026-01-21,DUBAI,DCK-M,두바이말차,720,719,707,12,99.9,83.7,10.0,B조,
2026-01-21,ITALY,ICK-O,이태리오리지널,660,624,617,7,94.5,69.9,8.2,A조,
2026-01-21,ITALY,ICK-D,이태리다크,540,518,511,7,95.9,60.0,8.0,B조,
2026-01-22,DUBAI,DCK-C,두바이코코아,1080,1066,1046,20,98.7,119.9,8.7,A조,
2026-01-22,DUBAI,DCK-M,두바이말차,720,702,687,15,97.5,77.7,8.8,B조,
2026-01-22,ITALY,ICK-O,이태리오리지널,660,627,619,8,95.0,69.6,8.1,A조,
2026-01-22,ITALY,ICK-D,이태리다크,540,516,510,6,95.6,59.9,7.9,B조,
2026-01-23,DUBAI,DCK-C,두바이코코아,1060,1008,989,19,95.1,113.9,8.8,A조,
2026-01-23,DUBAI,DCK-M,두바이말차,740,723,709,14,97.7,80.8,9.1,B조,
2026-01-23,ITALY,ICK-O,이태리오리지널,660,635,627,8,96.2,73.0,7.4,A조,
2026-01-23,ITALY,ICK-D,이태리다크,540,517,510,7,95.7,61.4,8.2,B조,
2026-01-24,DUBAI,DCK-C,두바이코코아,1100,1075,1057,18,97.7,121.5,9.8,A조,
2026-01-24,DUBAI,DCK-M,두바이말차,700,681,667,14,97.3,76.6,8.7,B조,
2026-01-24,ITALY,ICK-O,이태리오리지널,660,647,637,10,98.0,75.4,7.9,A조,
2026-01-24,ITALY,ICK-D,이태리다크,540,512,507,5,94.8,60.2,7.6,B조,
2026-01-27,DUBAI,DCK-C,두바이코코아,1060,1007,992,15,95.0,108.6,8.7,A조,
2026-01-27,DUBAI,DCK-M,두바이말차,740,696,684,12,94.1,77.9,9.4,B조,
2026-01-27,ITALY,ICK-O,이태리오리지널,660,638,628,10,96.7,71.4,7.7,A조,
2026-01-27,ITALY,ICK-D,이태리다크,540,517,509,8,95.7,60.9,7.4,B조,
2026-01-28,DUBAI,DCK-C,두바이코코아,1080,1034,1020,14,95.7,115.8,9.5,A조,
2026-01-28,DUBAI,DCK-M,두바이말차,720,701,691,10,97.4,80.6,9.3,B조,
2026-01-28,ITALY,ICK-O,이태리오리지널,660,638,631,7,96.7,73.9,8.1,A조,
2026-01-28,ITALY,ICK-D,이태리다크,540,523,516,7,96.9,61.6,7.8,B조,
2026-01-29,DUBAI,DCK-C,두바이코코아,1100,1070,1052,18,97.3,120.7,9.7,A조,
2026-01-29,DUBAI,DCK-M,두바이말차,700,682,668,14,97.4,79.1,8.8,B조,
2026-01-29,ITALY,ICK-O,이태리오리지널,660,639,628,11,96.8,74.1,7.7,A조,
2026-01-29,ITALY,ICK-D,이태리다크,540,526,519,7,97.4,59.6,8.1,B조,
2026-01-30,DUBAI,DCK-C,두바이코코아,1060,1055,1031,24,99.5,118.8,8.5,A조,
2026-01-30,DUBAI,DCK-M,두바이말차,740,696,682,14,94.1,78.2,9.9,B조,
2026-01-30,ITALY,ICK-O,이태리오리지널,660,645,634,11,97.7,72.2,8.0,A조,
2026-01-30,ITALY,ICK-D,이태리다크,540,508,503,5,94.1,59.9,8.1,B조,
2026-01-31,DUBAI,DCK-C,두바이코코아,1100,1070,1050,20,97.3,116.7,9.7,A조,
2026-01-31,DUBAI,DCK-M,두바이말차,700,697,687,10,99.6,76.9,8.8,B조,
2026-01-31,ITALY,ICK-O,이태리오리지널,660,630,618,12,95.5,70.5,7.9,A조,
2026-01-31,ITALY,ICK-D,이태리다크,540,537,530,7,99.4,63.7,7.8,B조,
2026-02-03,DUBAI,DCK-C,두바이코코아,900,872,842,30,96.9,94.4,9.9,A조,
2026-02-03,DUBAI,DCK-M,두바이말차,600,574,562,12,95.7,63.6,9.2,B조,
2026-02-03,ITALY,ICK-O,이태리오리지널,660,632,619,13,95.8,71.7,7.6,A조,
2026-02-03,ITALY,ICK-D,이태리다크,540,509,499,10,94.3,58.0,7.9,B조,
2026-02-04,DUBAI,DCK-C,두바이코코아,940,940,914,26,100.0,104.9,9.6,A조,
2026-02-04,DUBAI,DCK-M,두바이말차,580,557,542,15,96.0,62.7,8.6,B조,
2026-02-04,ITALY,ICK-O,이태리오리지널,660,628,617,11,95.2,72.6,7.9,A조,
2026-02-04,ITALY,ICK-D,이태리다크,540,510,502,8,94.4,58.3,7.7,B조,
2026-02-05,DUBAI,DCK-C,두바이코코아,920,871,853,18,94.7,95.6,9.9,A조,
2026-02-05,DUBAI,DCK-M,두바이말차,580,562,547,15,96.9,65.2,9.4,B조,
2026-02-05,ITALY,ICK-O,이태리오리지널,660,628,619,9,95.2,70.3,7.7,A조,
2026-02-05,ITALY,ICK-D,이태리다크,540,531,521,10,98.3,61.9,7.7,B조,
2026-02-06,DUBAI,DCK-C,두바이코코아,900,852,829,23,94.7,96.1,9.7,A조,
2026-02-06,DUBAI,DCK-M,두바이말차,600,579,568,11,96.5,64.1,9.3,B조,
2026-02-06,ITALY,ICK-O,이태리오리지널,660,626,611,15,94.8,72.0,7.9,A조,
2026-02-06,ITALY,ICK-D,이태리다크,540,511,503,8,94.6,58.0,7.3,B조,
2026-02-07,DUBAI,DCK-C,두바이코코아,900,865,837,28,96.1,93.0,9.1,A조,
2026-02-07,DUBAI,DCK-M,두바이말차,600,590,575,15,98.3,65.7,9.5,B조,
2026-02-07,ITALY,ICK-O,이태리오리지널,660,624,610,14,94.5,68.8,8.0,A조,
2026-02-07,ITALY,ICK-D,이태리다크,540,519,508,11,96.1,58.6,7.7,B조,
2026-02-10,DUBAI,DCK-C,두바이코코아,900,884,860,24,98.2,95.0,8.9,A조,
2026-02-10,DUBAI,DCK-M,두바이말차,600,600,583,17,100.0,67.9,9.7,B조,
2026-02-10,ITALY,ICK-O,이태리오리지널,660,614,601,13,93.0,71.4,8.1,A조,
2026-02-10,ITALY,ICK-D,이태리다크,540,491,482,9,90.9,57.4,7.8,B조,
2026-02-11,DUBAI,DCK-C,두바이코코아,0,0,0,0,0.0,0.0,0.0,,카다이프 재고소진-라인중단
2026-02-11,DUBAI,DCK-M,두바이말차,0,0,0,0,0.0,0.0,0.0,,카다이프 재고소진-라인중단
2026-02-11,ITALY,ICK-O,이태리오리지널,720,703,687,16,97.6,80.8,7.7,A조,
2026-02-11,ITALY,ICK-D,이태리다크,580,548,541,7,94.5,62.4,7.9,B조,
2026-02-12,DUBAI,DCK-C,두바이코코아,0,0,0,0,0.0,0.0,0.0,,카다이프 재고소진-라인중단
2026-02-12,DUBAI,DCK-M,두바이말차,0,0,0,0,0.0,0.0,0.0,,카다이프 재고소진-라인중단
2026-02-12,ITALY,ICK-O,이태리오리지널,720,696,683,13,96.7,77.9,7.4,A조,
2026-02-12,ITALY,ICK-D,이태리다크,580,547,540,7,94.3,62.4,7.6,B조,
2026-02-13,DUBAI,DCK-C,두바이코코아,0,0,0,0,0.0,0.0,0.0,,카다이프 재고소진-라인중단
2026-02-13,DUBAI,DCK-M,두바이말차,0,0,0,0,0.0,0.0,0.0,,카다이프 재고소진-라인중단
2026-02-13,ITALY,ICK-O,이태리오리지널,720,688,678,10,95.6,78.9,7.9,A조,
2026-02-13,ITALY,ICK-D,이태리다크,580,558,552,6,96.2,64.1,7.8,B조,
2026-02-14,DUBAI,DCK-C,두바이코코아,0,0,0,0,0.0,0.0,0.0,,카다이프 재고소진-라인중단
2026-02-14,DUBAI,DCK-M,두바이말차,0,0,0,0,0.0,0.0,0.0,,카다이프 재고소진-라인중단
2026-02-14,ITALY,ICK-O,이태리오리지널,720,687,675,12,95.4,79.7,7.8,A조,
2026-02-14,ITALY,ICK-D,이태리다크,580,563,554,9,97.1,66.4,8.0,B조,
2026-02-17,DUBAI,DCK-C,두바이코코아,800,722,685,37,90.2,80.8,9.8,A조,라인재가동-품질불안정
2026-02-17,DUBAI,DCK-M,두바이말차,520,472,443,29,90.8,53.3,9.6,B조,라인재가동-품질불안정
2026-02-17,ITALY,ICK-O,이태리오리지널,760,663,651,12,87.2,74.0,7.7,A조,
2026-02-17,ITALY,ICK-D,이태리다크,640,573,566,7,89.5,65.6,7.9,B조,
2026-02-18,DUBAI,DCK-C,두바이코코아,800,714,676,38,89.2,77.0,9.4,A조,라인재가동-품질불안정
2026-02-18,DUBAI,DCK-M,두바이말차,520,475,456,19,91.3,53.5,9.3,B조,라인재가동-품질불안정
2026-02-18,ITALY,ICK-O,이태리오리지널,760,715,703,12,94.1,80.9,7.3,A조,
2026-02-18,ITALY,ICK-D,이태리다크,640,583,573,10,91.1,66.2,7.6,B조,
2026-02-19,DUBAI,DCK-C,두바이코코아,760,689,647,42,90.7,77.4,8.9,A조,라인재가동-품질불안정
2026-02-19,DUBAI,DCK-M,두바이말차,520,458,440,18,88.1,50.5,9.3,B조,라인재가동-품질불안정
2026-02-19,ITALY,ICK-O,이태리오리지널,760,705,688,17,92.8,81.2,7.9,A조,
2026-02-19,ITALY,ICK-D,이태리다크,640,579,567,12,90.5,68.6,7.5,B조,
2026-02-20,DUBAI,DCK-C,두바이코코아,800,735,702,33,91.9,81.8,9.3,A조,라인재가동-품질불안정
2026-02-20,DUBAI,DCK-M,두바이말차,500,453,433,20,90.6,52.0,9.7,B조,라인재가동-품질불안정
2026-02-20,ITALY,ICK-O,이태리오리지널,760,701,683,18,92.2,77.7,8.0,A조,
2026-02-20,ITALY,ICK-D,이태리다크,640,598,584,14,93.4,67.5,7.3,B조,
2026-02-21,DUBAI,DCK-C,두바이코코아,800,713,666,47,89.1,78.1,9.6,A조,라인재가동-품질불안정
2026-02-21,DUBAI,DCK-M,두바이말차,520,489,469,20,94.0,56.1,9.4,B조,라인재가동-품질불안정
2026-02-21,ITALY,ICK-O,이태리오리지널,760,714,695,19,93.9,81.4,7.4,A조,
2026-02-21,ITALY,ICK-D,이태리다크,640,596,582,14,93.1,69.9,7.6,B조,
2026-02-24,DUBAI,DCK-C,두바이코코아,780,733,714,19,94.0,80.1,9.8,A조,
2026-02-24,DUBAI,DCK-M,두바이말차,520,501,487,14,96.3,55.5,9.9,B조,
2026-02-24,ITALY,ICK-O,이태리오리지널,760,709,694,15,93.3,80.1,8.0,A조,
2026-02-24,ITALY,ICK-D,이태리다크,640,595,583,12,93.0,67.8,8.0,B조,
2026-02-25,DUBAI,DCK-C,두바이코코아,760,711,693,18,93.6,79.4,8.9,A조,
2026-02-25,DUBAI,DCK-M,두바이말차,540,513,499,14,95.0,59.3,8.6,B조,
2026-02-25,ITALY,ICK-O,이태리오리지널,760,733,719,14,96.4,83.6,7.6,A조,
2026-02-25,ITALY,ICK-D,이태리다크,640,605,598,7,94.5,71.3,7.5,B조,
2026-02-26,DUBAI,DCK-C,두바이코코아,780,751,733,18,96.3,84.6,9.6,A조,
2026-02-26,DUBAI,DCK-M,두바이말차,520,513,503,10,98.7,56.5,9.9,B조,
2026-02-26,ITALY,ICK-O,이태리오리지널,760,745,731,14,98.0,85.7,7.9,A조,
2026-02-26,ITALY,ICK-D,이태리다크,640,621,610,11,97.0,71.7,8.0,B조,
2026-02-27,DUBAI,DCK-C,두바이코코아,780,753,731,22,96.5,82.1,9.4,A조,
2026-02-27,DUBAI,DCK-M,두바이말차,520,500,489,11,96.2,56.8,9.1,B조,
2026-02-27,ITALY,ICK-O,이태리오리지널,760,725,710,15,95.4,81.1,7.5,A조,
2026-02-27,ITALY,ICK-D,이태리다크,640,601,594,7,93.9,68.2,7.4,B조,
2026-02-28,DUBAI,DCK-C,두바이코코아,780,722,707,15,92.6,78.3,9.2,A조,
2026-02-28,DUBAI,DCK-M,두바이말차,520,493,480,13,94.8,57.4,9.3,B조,
2026-02-28,ITALY,ICK-O,이태리오리지널,760,725,714,11,95.4,80.9,7.5,A조,
2026-02-28,ITALY,ICK-D,이태리다크,640,616,609,7,96.2,71.3,7.5,B조,
2026-03-03,DUBAI,DCK-C,두바이코코아,900,890,868,22,98.9,96.0,9.8,A조,
2026-03-03,DUBAI,DCK-M,두바이말차,600,580,568,12,96.7,67.2,9.4,B조,
2026-03-03,ITALY,ICK-O,이태리오리지널,720,687,677,10,95.4,75.9,8.1,A조,
2026-03-03,ITALY,ICK-D,이태리다크,580,564,556,8,97.2,66.3,7.7,B조,
2026-03-04,DUBAI,DCK-C,두바이코코아,920,910,895,15,98.9,98.3,9.3,A조,
2026-03-04,DUBAI,DCK-M,두바이말차,580,568,558,10,97.9,66.2,8.7,B조,
2026-03-04,ITALY,ICK-O,이태리오리지널,720,700,685,15,97.2,78.1,7.8,A조,
2026-03-04,ITALY,ICK-D,이태리다크,580,551,543,8,95.0,63.4,8.1,B조,
2026-03-05,DUBAI,DCK-C,두바이코코아,900,885,864,21,98.3,98.2,9.6,A조,
2026-03-05,DUBAI,DCK-M,두바이말차,600,582,567,15,97.0,64.9,8.8,B조,
2026-03-05,ITALY,ICK-O,이태리오리지널,720,695,685,10,96.5,76.9,7.3,A조,
2026-03-05,ITALY,ICK-D,이태리다크,580,558,550,8,96.2,64.8,7.6,B조,
2026-03-06,DUBAI,DCK-C,두바이코코아,900,875,853,22,97.2,96.2,9.5,A조,
2026-03-06,DUBAI,DCK-M,두바이말차,600,596,581,15,99.3,68.7,9.4,B조,
2026-03-06,ITALY,ICK-O,이태리오리지널,720,685,673,12,95.1,77.9,7.9,A조,
2026-03-06,ITALY,ICK-D,이태리다크,580,545,535,10,94.0,64.1,7.4,B조,
2026-03-07,DUBAI,DCK-C,두바이코코아,900,879,857,22,97.7,97.3,8.9,A조,
2026-03-07,DUBAI,DCK-M,두바이말차,600,589,580,9,98.2,67.5,9.5,B조,
2026-03-07,ITALY,ICK-O,이태리오리지널,720,710,697,13,98.6,78.6,7.3,A조,
2026-03-07,ITALY,ICK-D,이태리다크,580,559,551,8,96.4,63.9,7.5,B조,
2026-03-10,DUBAI,DCK-C,두바이코코아,920,922,898,24,100.2,102.1,9.9,A조,
2026-03-10,DUBAI,DCK-M,두바이말차,580,575,560,15,99.1,65.8,8.9,B조,
2026-03-10,ITALY,ICK-O,이태리오리지널,720,716,703,13,99.4,81.9,8.1,A조,
2026-03-10,ITALY,ICK-D,이태리다크,580,566,559,7,97.6,65.7,7.9,B조,
2026-03-11,DUBAI,DCK-C,두바이코코아,900,867,850,17,96.3,94.7,9.5,A조,
2026-03-11,DUBAI,DCK-M,두바이말차,600,582,568,14,97.0,65.4,9.5,B조,
2026-03-11,ITALY,ICK-O,이태리오리지널,720,692,677,15,96.1,78.7,7.7,A조,
2026-03-11,ITALY,ICK-D,이태리다크,580,583,575,8,100.5,66.7,8.2,B조,
2026-03-12,DUBAI,DCK-C,두바이코코아,900,860,836,24,95.6,95.7,9.3,A조,
2026-03-12,DUBAI,DCK-M,두바이말차,600,588,577,11,98.0,65.5,9.0,B조,
2026-03-12,ITALY,ICK-O,이태리오리지널,720,699,684,15,97.1,77.9,7.8,A조,
2026-03-12,ITALY,ICK-D,이태리다크,580,550,540,10,94.8,63.3,7.9,B조,
2026-03-13,DUBAI,DCK-C,두바이코코아,900,899,878,21,99.9,97.6,8.7,A조,
2026-03-13,DUBAI,DCK-M,두바이말차,600,599,587,12,99.8,68.1,8.6,B조,
2026-03-13,ITALY,ICK-O,이태리오리지널,720,722,709,13,100.3,80.1,8.0,A조,
2026-03-13,ITALY,ICK-D,이태리다크,580,562,554,8,96.9,65.7,7.8,B조,
2026-03-14,DUBAI,DCK-C,두바이코코아,900,869,844,25,96.6,94.4,9.3,A조,
2026-03-14,DUBAI,DCK-M,두바이말차,600,599,588,11,99.8,69.6,9.3,B조,
2026-03-14,ITALY,ICK-O,이태리오리지널,720,714,703,11,99.2,82.3,7.7,A조,
2026-03-14,ITALY,ICK-D,이태리다크,580,551,541,10,95.0,63.7,8.0,B조,
2026-03-17,DUBAI,DCK-C,두바이코코아,900,869,846,23,96.6,98.5,9.2,A조,
2026-03-17,DUBAI,DCK-M,두바이말차,600,589,578,11,98.2,66.9,9.0,B조,
2026-03-17,ITALY,ICK-O,이태리오리지널,720,683,668,15,94.9,76.7,7.5,A조,
2026-03-17,ITALY,ICK-D,이태리다크,580,558,547,11,96.2,64.7,7.5,B조,
2026-03-18,DUBAI,DCK-C,두바이코코아,900,872,847,25,96.9,97.3,9.7,A조,
2026-03-18,DUBAI,DCK-M,두바이말차,600,578,566,12,96.3,66.2,9.7,B조,
2026-03-18,ITALY,ICK-O,이태리오리지널,720,710,699,11,98.6,80.5,7.8,A조,
2026-03-18,ITALY,ICK-D,이태리다크,580,560,548,12,96.6,66.1,7.7,B조,
2026-03-19,DUBAI,DCK-C,두바이코코아,900,855,831,24,95.0,93.8,9.5,A조,
2026-03-19,DUBAI,DCK-M,두바이말차,600,579,568,11,96.5,65.5,10.0,B조,
2026-03-19,ITALY,ICK-O,이태리오리지널,720,688,672,16,95.6,79.6,8.1,A조,
2026-03-19,ITALY,ICK-D,이태리다크,580,574,561,13,99.0,65.8,7.6,B조,
2026-03-20,DUBAI,DCK-C,두바이코코아,880,847,821,26,96.2,90.9,8.6,A조,
2026-03-20,DUBAI,DCK-M,두바이말차,620,584,570,14,94.2,67.8,10.0,B조,
2026-03-20,ITALY,ICK-O,이태리오리지널,720,697,685,12,96.8,79.6,8.1,A조,
2026-03-20,ITALY,ICK-D,이태리다크,580,552,542,10,95.2,64.5,8.1,B조,
2026-03-21,DUBAI,DCK-C,두바이코코아,900,896,876,20,99.6,98.1,8.7,A조,
2026-03-21,DUBAI,DCK-M,두바이말차,600,586,572,14,97.7,66.7,9.7,B조,
2026-03-21,ITALY,ICK-O,이태리오리지널,720,699,680,19,97.1,79.8,7.5,A조,
2026-03-21,ITALY,ICK-D,이태리다크,580,565,552,13,97.4,63.9,7.7,B조,
2026-03-24,DUBAI,DCK-C,두바이코코아,900,871,856,15,96.8,97.7,9.9,A조,
2026-03-24,DUBAI,DCK-M,두바이말차,600,588,573,15,98.0,65.4,9.2,B조,
2026-03-24,ITALY,ICK-O,이태리오리지널,720,688,672,16,95.6,77.7,7.5,A조,
2026-03-24,ITALY,ICK-D,이태리다크,580,572,560,12,98.6,64.9,7.6,B조,
2026-03-25,DUBAI,DCK-C,두바이코코아,920,880,857,23,95.7,97.4,10.0,A조,
2026-03-25,DUBAI,DCK-M,두바이말차,580,562,551,11,96.9,65.5,9.5,B조,
2026-03-25,ITALY,ICK-O,이태리오리지널,720,695,678,17,96.5,79.9,7.3,A조,
2026-03-25,ITALY,ICK-D,이태리다크,580,573,562,11,98.8,66.2,8.1,B조,
2026-03-26,DUBAI,DCK-C,두바이코코아,900,865,842,23,96.1,94.6,9.5,A조,
2026-03-26,DUBAI,DCK-M,두바이말차,600,598,583,15,99.7,68.5,9.6,B조,
2026-03-26,ITALY,ICK-O,이태리오리지널,720,685,669,16,95.1,79.5,7.9,A조,
2026-03-26,ITALY,ICK-D,이태리다크,580,547,538,9,94.3,63.0,7.8,B조,
2026-03-27,DUBAI,DCK-C,두바이코코아,880,851,832,19,96.7,95.1,8.8,A조,
2026-03-27,DUBAI,DCK-M,두바이말차,620,596,585,11,96.1,67.7,10.0,B조,
2026-03-27,ITALY,ICK-O,이태리오리지널,720,672,654,18,93.3,75.1,8.0,A조,
2026-03-27,ITALY,ICK-D,이태리다크,580,557,547,10,96.0,65.5,8.0,B조,
2026-03-28,DUBAI,DCK-C,두바이코코아,920,887,859,28,96.4,95.8,9.9,A조,
2026-03-28,DUBAI,DCK-M,두바이말차,580,565,549,16,97.4,64.9,10.0,B조,
2026-03-28,ITALY,ICK-O,이태리오리지널,720,717,702,15,99.6,82.7,7.3,A조,
2026-03-28,ITALY,ICK-D,이태리다크,580,558,548,10,96.2,64.3,7.9,B조,
2026-03-31,DUBAI,DCK-C,두바이코코아,880,843,818,25,95.8,95.3,8.7,A조,
2026-03-31,DUBAI,DCK-M,두바이말차,620,589,578,11,95.0,65.0,9.8,B조,
2026-03-31,ITALY,ICK-O,이태리오리지널,720,673,661,12,93.5,74.4,8.0,A조,
2026-03-31,ITALY,ICK-D,이태리다크,580,554,542,12,95.5,63.3,7.7,B조,
